comparison,activity,year_a,pct_a,year_b,pct_b,change_pp
2023/24 vs 2024/25,Adventure racing,2023/24,0.157,2024/25,0.189,0.032
2023/24 vs 2024/25,Air sports,2023/24,0.332,2024/25,0.321,-0.011
2023/24 vs 2024/25,Archery,2023/24,0.24,2024/25,0.22,-0.02
2023/24 vs 2024/25,"Athletics, track and field",2023/24,1.455,2024/25,1.309,-0.146
2023/24 vs 2024/25,Australian football,2023/24,2.567,2024/25,2.627,0.06
2023/24 vs 2024/25,Badminton,2023/24,1.792,2024/25,1.744,-0.048
2023/24 vs 2024/25,Baseball,2023/24,0.35,2024/25,0.35,0.0
2023/24 vs 2024/25,Basketball,2023/24,4.822,2024/25,4.633,-0.189
2023/24 vs 2024/25,Baton twirling,2023/24,0.029,2024/25,0.026,-0.003
2023/24 vs 2024/25,Biathlon,2023/24,0.008,2024/25,0.009,0.001
2023/24 vs 2024/25,Billiards/Snooker/Pool,2023/24,0.353,2024/25,0.308,-0.045
2023/24 vs 2024/25,BMX,2023/24,0.051,2024/25,0.029,-0.022
2023/24 vs 2024/25,Bobsledding,2023/24,0.003,2024/25,0.0,-0.003
2023/24 vs 2024/25,Bocce/Boules,2023/24,0.025,2024/25,0.011,-0.014
2023/24 vs 2024/25,Boccia,2023/24,0.0,2024/25,0.0,0.0
2023/24 vs 2024/25,Body building,2023/24,0.051,2024/25,0.032,-0.019
2023/24 vs 2024/25,Boomerang throwing,2023/24,0.007,2024/25,0.018,0.011
2023/24 vs 2024/25,Bowls,2023/24,0.872,2024/25,0.934,0.062
2023/24 vs 2024/25,Boxing,2023/24,0.887,2024/25,0.902,0.015
2023/24 vs 2024/25,Broomball,2023/24,0.0,2024/25,0.005,0.005
2023/24 vs 2024/25,Bush walking,2023/24,16.958,2024/25,17.193,0.235
2023/24 vs 2024/25,Calisthenics,2023/24,0.233,2024/25,0.258,0.025
2023/24 vs 2024/25,Campdrafting,2023/24,0.031,2024/25,0.021,-0.01
2023/24 vs 2024/25,Canoeing/Kayaking,2023/24,0.962,2024/25,1.0,0.038
2023/24 vs 2024/25,Circus,2023/24,0.036,2024/25,0.041,0.005
2023/24 vs 2024/25,Cricket,2023/24,2.474,2024/25,2.431,-0.043
2023/24 vs 2024/25,Croquet,2023/24,0.074,2024/25,0.068,-0.006
2023/24 vs 2024/25,Crossfit,2023/24,0.622,2024/25,0.634,0.012
2023/24 vs 2024/25,Curling,2023/24,0.02,2024/25,0.005,-0.015
2023/24 vs 2024/25,Cycling,2023/24,8.897,2024/25,8.452,-0.445
2023/24 vs 2024/25,DanceSport,2023/24,1.002,2024/25,1.102,0.1
2023/24 vs 2024/25,Dancing (recreational),2023/24,1.618,2024/25,1.661,0.043
2023/24 vs 2024/25,Darts,2023/24,0.161,2024/25,0.161,0.0
2023/24 vs 2024/25,Diving,2023/24,0.039,2024/25,0.051,0.012
2023/24 vs 2024/25,Dodgeball,2023/24,0.082,2024/25,0.069,-0.013
2023/24 vs 2024/25,Dragon boat racing,2023/24,0.056,2024/25,0.069,0.013
2023/24 vs 2024/25,Eight ball,2023/24,0.036,2024/25,0.028,-0.008
2023/24 vs 2024/25,Equestrian,2023/24,0.44,2024/25,0.475,0.035
2023/24 vs 2024/25,eSports,2023/24,0.297,2024/25,0.259,-0.038
2023/24 vs 2024/25,Fencing,2023/24,0.048,2024/25,0.062,0.014
2023/24 vs 2024/25,Fishing (recreational),2023/24,1.12,2024/25,1.264,0.144
2023/24 vs 2024/25,Fitness/Gym,2023/24,29.324,2024/25,31.364,2.04
2023/24 vs 2024/25,Floorball,2023/24,0.009,2024/25,0.009,0.0
2023/24 vs 2024/25,Flying disc,2023/24,0.255,2024/25,0.247,-0.008
2023/24 vs 2024/25,Football/soccer,2023/24,5.629,2024/25,5.502,-0.127
2023/24 vs 2024/25,Gaelic football,2023/24,0.047,2024/25,0.048,0.001
2023/24 vs 2024/25,Geocaching,2023/24,0.024,2024/25,0.023,-0.001
2023/24 vs 2024/25,Goalball,2023/24,0.004,2024/25,0.017,0.013
2023/24 vs 2024/25,Golf,2023/24,4.364,2024/25,4.75,0.386
2023/24 vs 2024/25,Gridiron,2023/24,0.044,2024/25,0.052,0.008
2023/24 vs 2024/25,Guides,2023/24,0.009,2024/25,0.007,-0.002
2023/24 vs 2024/25,Gymnastics,2023/24,0.525,2024/25,0.556,0.031
2023/24 vs 2024/25,Handball,2023/24,0.142,2024/25,0.142,0.0
2023/24 vs 2024/25,Harness racing,2023/24,0.021,2024/25,0.012,-0.009
2023/24 vs 2024/25,Hockey,2023/24,0.517,2024/25,0.482,-0.035
2023/24 vs 2024/25,Horse racing,2023/24,0.045,2024/25,0.037,-0.008
2023/24 vs 2024/25,Ice hockey,2023/24,0.061,2024/25,0.065,0.004
2023/24 vs 2024/25,Ice racing/speed skating,2023/24,0.009,2024/25,0.012,0.003
2023/24 vs 2024/25,Ice skating,2023/24,0.2,2024/25,0.227,0.027
2023/24 vs 2024/25,Jet skiing,2023/24,0.121,2024/25,0.077,-0.044
2023/24 vs 2024/25,Judo,2023/24,0.027,2024/25,0.053,0.026
2023/24 vs 2024/25,Jujitsu,2023/24,0.188,2024/25,0.183,-0.005
2023/24 vs 2024/25,Karate,2023/24,0.237,2024/25,0.183,-0.054
2023/24 vs 2024/25,Kendo,2023/24,0.02,2024/25,0.015,-0.005
2023/24 vs 2024/25,Kitesurfing/kiteboarding,2023/24,0.014,2024/25,0.018,0.004
2023/24 vs 2024/25,Korfball,2023/24,0.0,2024/25,0.003,0.003
2023/24 vs 2024/25,Kung fu wushu,2023/24,0.014,2024/25,0.009,-0.005
2023/24 vs 2024/25,Lacrosse,2023/24,0.043,2024/25,0.034,-0.009
2023/24 vs 2024/25,Lifesaving royal,2023/24,0.005,2024/25,0.0,-0.005
2023/24 vs 2024/25,Lifesaving surf,2023/24,0.108,2024/25,0.134,0.026
2023/24 vs 2024/25,Luging,2023/24,0.01,2024/25,0.002,-0.008
2023/24 vs 2024/25,Marching,2023/24,0.006,2024/25,0.008,0.002
2023/24 vs 2024/25,Martial arts,2023/24,0.644,2024/25,0.565,-0.079
2023/24 vs 2024/25,Mixed martial arts,2023/24,0.094,2024/25,0.065,-0.029
2023/24 vs 2024/25,Modern pentathlon,2023/24,0.005,2024/25,0.002,-0.003
2023/24 vs 2024/25,Motor cycling,2023/24,1.075,2024/25,1.054,-0.021
2023/24 vs 2024/25,Motor sport,2023/24,0.296,2024/25,0.253,-0.043
2023/24 vs 2024/25,Mountain biking,2023/24,0.725,2024/25,0.747,0.022
2023/24 vs 2024/25,Mountain climbing,2023/24,0.099,2024/25,0.14,0.041
2023/24 vs 2024/25,Muay Thai,2023/24,0.095,2024/25,0.135,0.04
2023/24 vs 2024/25,Netball,2023/24,2.021,2024/25,2.161,0.14
2023/24 vs 2024/25,Obstacle,2023/24,0.042,2024/25,0.05,0.008
2023/24 vs 2024/25,Orienteering,2023/24,0.03,2024/25,0.062,0.032
2023/24 vs 2024/25,Outrigger canoe,2023/24,0.027,2024/25,0.035,0.008
2023/24 vs 2024/25,Oztag,2023/24,0.269,2024/25,0.286,0.017
2023/24 vs 2024/25,Paddle sports,2023/24,0.198,2024/25,0.225,0.027
2023/24 vs 2024/25,Paintball,2023/24,0.044,2024/25,0.033,-0.011
2023/24 vs 2024/25,Parkour,2023/24,0.029,2024/25,0.03,0.001
2023/24 vs 2024/25,Petanque,2023/24,0.01,2024/25,0.006,-0.004
2023/24 vs 2024/25,Physical Culture,2023/24,0.042,2024/25,0.041,-0.001
2023/24 vs 2024/25,Pickleball/padel,2023/24,0.423,2024/25,1.047,0.624
2023/24 vs 2024/25,Pilates,2023/24,5.059,2024/25,6.447,1.388
2023/24 vs 2024/25,Polo,2023/24,0.003,2024/25,0.0,-0.003
2023/24 vs 2024/25,Polocrosse,2023/24,0.007,2024/25,0.004,-0.003
2023/24 vs 2024/25,Pony Club,2023/24,0.064,2024/25,0.041,-0.023
2023/24 vs 2024/25,Powerlifting,2023/24,0.051,2024/25,0.053,0.002
2023/24 vs 2024/25,Ready Steady Go Kids,2023/24,0.002,2024/25,0.01,0.008
2023/24 vs 2024/25,Rock climbing/Abseiling/Caving,2023/24,0.467,2024/25,0.468,0.001
2023/24 vs 2024/25,Rodeo,2023/24,0.003,2024/25,0.0,-0.003
2023/24 vs 2024/25,Rogaining,2023/24,0.01,2024/25,0.017,0.007
2023/24 vs 2024/25,Roller Derby,2023/24,0.033,2024/25,0.011,-0.022
2023/24 vs 2024/25,Rope skipping,2023/24,0.305,2024/25,0.259,-0.046
2023/24 vs 2024/25,Rowing,2023/24,0.596,2024/25,0.568,-0.028
2023/24 vs 2024/25,Rugby league,2023/24,0.796,2024/25,0.744,-0.052
2023/24 vs 2024/25,Rugby union,2023/24,0.32,2024/25,0.36,0.04
2023/24 vs 2024/25,Running/jogging,2023/24,15.888,2024/25,16.283,0.395
2023/24 vs 2024/25,Sailing,2023/24,0.333,2024/25,0.36,0.027
2023/24 vs 2024/25,Scootering,2023/24,0.157,2024/25,0.147,-0.01
2023/24 vs 2024/25,Scouts,2023/24,0.018,2024/25,0.028,0.01
2023/24 vs 2024/25,Sepak takraw,2023/24,0.005,2024/25,0.005,0.0
2023/24 vs 2024/25,Shooting/field,2023/24,0.175,2024/25,0.196,0.021
2023/24 vs 2024/25,Shooting/range,2023/24,0.124,2024/25,0.138,0.014
2023/24 vs 2024/25,Skate,2023/24,0.473,2024/25,0.412,-0.061
2023/24 vs 2024/25,Skeleton,2023/24,0.0,2024/25,0.0,0.0
2023/24 vs 2024/25,Ski & snowboard,2023/24,0.794,2024/25,0.861,0.067
2023/24 vs 2024/25,Skirmish,2023/24,0.0,2024/25,0.003,0.003
2023/24 vs 2024/25,Softball,2023/24,0.128,2024/25,0.149,0.021
2023/24 vs 2024/25,Sport climbing,2023/24,0.436,2024/25,0.509,0.073
2023/24 vs 2024/25,Squash,2023/24,0.458,2024/25,0.448,-0.01
2023/24 vs 2024/25,Surfing,2023/24,1.422,2024/25,1.373,-0.049
2023/24 vs 2024/25,Swimming,2023/24,15.239,2024/25,15.306,0.067
2023/24 vs 2024/25,Sword fighting,2023/24,0.022,2024/25,0.011,-0.011
2023/24 vs 2024/25,Synchronised swimming,2023/24,0.083,2024/25,0.061,-0.022
2023/24 vs 2024/25,Table tennis,2023/24,1.612,2024/25,1.697,0.085
2023/24 vs 2024/25,Taekwondo/Taekwon-do,2023/24,0.178,2024/25,0.117,-0.061
2023/24 vs 2024/25,Tee ball,2023/24,0.024,2024/25,0.023,-0.001
2023/24 vs 2024/25,Tennis,2023/24,4.81,2024/25,5.145,0.335
2023/24 vs 2024/25,Tenpin bowling,2023/24,0.617,2024/25,0.62,0.003
2023/24 vs 2024/25,Tobogganing,2023/24,0.0,2024/25,0.0,0.0
2023/24 vs 2024/25,Touch football,2023/24,0.783,2024/25,0.741,-0.042
2023/24 vs 2024/25,Triathlon,2023/24,0.149,2024/25,0.099,-0.05
2023/24 vs 2024/25,Underwater sports,2023/24,0.748,2024/25,0.849,0.101
2023/24 vs 2024/25,Virtual based physical activity,2023/24,1.024,2024/25,0.914,-0.11
2023/24 vs 2024/25,Volleyball (indoor and outdoor),2023/24,1.375,2024/25,1.301,-0.074
2023/24 vs 2024/25,Walking (Recreational),2023/24,49.46,2024/25,50.146,0.686
2023/24 vs 2024/25,Water polo,2023/24,0.102,2024/25,0.095,-0.007
2023/24 vs 2024/25,Waterskiing/Wakeboarding,2023/24,0.2,2024/25,0.187,-0.013
2023/24 vs 2024/25,Weight lifting,2023/24,1.385,2024/25,1.456,0.071
2023/24 vs 2024/25,Wheelchair rugby,2023/24,0.003,2024/25,0.009,0.006
2023/24 vs 2024/25,Wood chopping,2023/24,0.054,2024/25,0.036,-0.018
2023/24 vs 2024/25,Wrestling,2023/24,0.033,2024/25,0.054,0.021
2023/24 vs 2024/25,Yoga,2023/24,4.894,2024/25,4.976,0.082
2024 vs 2025,Adventure racing,2024,0.236,2025,0.072,-0.164
2024 vs 2025,Air sports,2024,0.355,2025,0.224,-0.131
2024 vs 2025,Archery,2024,0.247,2025,0.179,-0.068
2024 vs 2025,"Athletics, track and field",2024,1.51,2025,1.318,-0.192
2024 vs 2025,Australian football,2024,2.609,2025,2.417,-0.192
2024 vs 2025,Badminton,2024,1.848,2025,1.886,0.038
2024 vs 2025,Baseball,2024,0.382,2025,0.309,-0.073
2024 vs 2025,Basketball,2024,4.734,2025,4.526,-0.208
2024 vs 2025,Baton twirling,2024,0.029,2025,0.012,-0.017
2024 vs 2025,Biathlon,2024,0.014,2025,0.006,-0.008
2024 vs 2025,Billiards/Snooker/Pool,2024,0.329,2025,0.304,-0.025
2024 vs 2025,BMX,2024,0.043,2025,0.028,-0.015
2024 vs 2025,Bobsledding,2024,0.0,2025,0.002,0.002
2024 vs 2025,Bocce/Boules,2024,0.014,2025,0.014,0.0
2024 vs 2025,Boccia,2024,0.0,2025,0.0,0.0
2024 vs 2025,Body building,2024,0.036,2025,0.041,0.005
2024 vs 2025,Boomerang throwing,2024,0.011,2025,0.015,0.004
2024 vs 2025,Bowls,2024,0.885,2025,0.834,-0.051
2024 vs 2025,Boxing,2024,0.893,2025,0.848,-0.045
2024 vs 2025,Broomball,2024,0.005,2025,0.002,-0.003
2024 vs 2025,Bush walking,2024,16.857,2025,17.468,0.611
2024 vs 2025,Calisthenics,2024,0.24,2025,0.359,0.119
2024 vs 2025,Campdrafting,2024,0.022,2025,0.013,-0.009
2024 vs 2025,Canoeing/Kayaking,2024,0.963,2025,0.997,0.034
2024 vs 2025,Circus,2024,0.043,2025,0.034,-0.009
2024 vs 2025,Cricket,2024,2.419,2025,2.492,0.073
2024 vs 2025,Croquet,2024,0.074,2025,0.088,0.014
2024 vs 2025,Crossfit/Functional fitness,2024,0.571,2025,0.648,0.077
2024 vs 2025,Curling,2024,0.011,2025,0.01,-0.001
2024 vs 2025,Cycling,2024,8.589,2025,8.294,-0.295
2024 vs 2025,DanceSport,2024,1.047,2025,1.123,0.076
2024 vs 2025,Dancing (recreational),2024,1.778,2025,1.629,-0.149
2024 vs 2025,Darts,2024,0.16,2025,0.162,0.002
2024 vs 2025,Diving,2024,0.049,2025,0.05,0.001
2024 vs 2025,Dodgeball,2024,0.076,2025,0.077,0.001
2024 vs 2025,Dragon boat racing,2024,0.049,2025,0.07,0.021
2024 vs 2025,Eight ball,2024,0.043,2025,0.027,-0.016
2024 vs 2025,Equestrian,2024,0.443,2025,0.442,-0.001
2024 vs 2025,eSports,2024,0.275,2025,0.211,-0.064
2024 vs 2025,Fencing,2024,0.076,2025,0.045,-0.031
2024 vs 2025,Fishing (recreational),2024,1.21,2025,1.07,-0.14
2024 vs 2025,Fitness/Gym,2024,30.331,2025,34.102,3.771
2024 vs 2025,Floorball,2024,0.006,2025,0.028,0.022
2024 vs 2025,Flying disc,2024,0.237,2025,0.249,0.012
2024 vs 2025,Football/soccer,2024,5.437,2025,5.624,0.187
2024 vs 2025,Gaelic football,2024,0.037,2025,0.063,0.026
2024 vs 2025,Geocaching,2024,0.028,2025,0.032,0.004
2024 vs 2025,Goalball,2024,0.012,2025,0.01,-0.002
2024 vs 2025,Golf,2024,4.685,2025,4.563,-0.122
2024 vs 2025,Gridiron,2024,0.062,2025,0.045,-0.017
2024 vs 2025,Guides,2024,0.009,2025,0.004,-0.005
2024 vs 2025,Gymnastics,2024,0.557,2025,0.54,-0.017
2024 vs 2025,Handball,2024,0.146,2025,0.114,-0.032
2024 vs 2025,Harness racing,2024,0.018,2025,0.011,-0.007
2024 vs 2025,Hockey,2024,0.448,2025,0.512,0.064
2024 vs 2025,Horse racing,2024,0.04,2025,0.024,-0.016
2024 vs 2025,Ice hockey,2024,0.06,2025,0.061,0.001
2024 vs 2025,Ice racing/speed skating,2024,0.009,2025,0.007,-0.002
2024 vs 2025,Ice skating,2024,0.213,2025,0.214,0.001
2024 vs 2025,Jet skiing,2024,0.086,2025,0.067,-0.019
2024 vs 2025,Judo,2024,0.044,2025,0.066,0.022
2024 vs 2025,Jujitsu,2024,0.2,2025,0.17,-0.03
2024 vs 2025,Karate,2024,0.232,2025,0.186,-0.046
2024 vs 2025,Kendo,2024,0.009,2025,0.03,0.021
2024 vs 2025,Kitesurfing/kiteboarding,2024,0.019,2025,0.013,-0.006
2024 vs 2025,Korfball,2024,0.0,2025,0.005,0.005
2024 vs 2025,Kung fu wushu,2024,0.012,2025,0.009,-0.003
2024 vs 2025,Lacrosse,2024,0.029,2025,0.03,0.001
2024 vs 2025,Lifesaving royal,2024,0.0,2025,0.005,0.005
2024 vs 2025,Lifesaving surf,2024,0.141,2025,0.13,-0.011
2024 vs 2025,Luging,2024,0.004,2025,0.0,-0.004
2024 vs 2025,Marching,2024,0.004,2025,0.012,0.008
2024 vs 2025,Martial arts,2024,0.678,2025,0.626,-0.052
2024 vs 2025,Mixed martial arts,2024,0.082,2025,0.093,0.011
2024 vs 2025,Modern pentathlon,2024,0.007,2025,0.003,-0.004
2024 vs 2025,Motor cycling,2024,1.095,2025,0.947,-0.148
2024 vs 2025,Motor sport,2024,0.291,2025,0.254,-0.037
2024 vs 2025,Mountain biking,2024,0.592,2025,0.726,0.134
2024 vs 2025,Mountain climbing,2024,0.119,2025,0.099,-0.02
2024 vs 2025,Muay Thai,2024,0.105,2025,0.166,0.061
2024 vs 2025,Netball,2024,2.1,2025,2.107,0.007
2024 vs 2025,Obstacle,2024,0.029,2025,0.056,0.027
2024 vs 2025,Orienteering,2024,0.05,2025,0.07,0.02
2024 vs 2025,Outrigger canoe,2024,0.026,2025,0.027,0.001
2024 vs 2025,Oztag,2024,0.301,2025,0.223,-0.078
2024 vs 2025,Paddle sports,2024,0.194,2025,0.209,0.015
2024 vs 2025,Paintball,2024,0.051,2025,0.012,-0.039
2024 vs 2025,Parkour,2024,0.028,2025,0.022,-0.006
2024 vs 2025,Petanque,2024,0.009,2025,0.003,-0.006
2024 vs 2025,Physical Culture,2024,0.032,2025,0.061,0.029
2024 vs 2025,Pickleball/padel,2024,0.698,2025,1.314,0.616
2024 vs 2025,Pilates,2024,5.788,2025,7.181,1.393
2024 vs 2025,Polo,2024,0.0,2025,0.001,0.001
2024 vs 2025,Polocrosse,2024,0.005,2025,0.004,-0.001
2024 vs 2025,Pony Club,2024,0.048,2025,0.046,-0.002
2024 vs 2025,Powerlifting,2024,0.062,2025,0.042,-0.02
2024 vs 2025,Ready Steady Go Kids,2024,0.004,2025,0.008,0.004
2024 vs 2025,Rock climbing/Abseiling/Caving,2024,0.435,2025,0.457,0.022
2024 vs 2025,Rodeo,2024,0.003,2025,0.003,0.0
2024 vs 2025,Rogaining,2024,0.009,2025,0.022,0.013
2024 vs 2025,Roller Derby,2024,0.026,2025,0.013,-0.013
2024 vs 2025,Rope skipping,2024,0.293,2025,0.248,-0.045
2024 vs 2025,Rowing,2024,0.611,2025,0.585,-0.026
2024 vs 2025,Rugby league,2024,0.747,2025,0.763,0.016
2024 vs 2025,Rugby union,2024,0.332,2025,0.374,0.042
2024 vs 2025,Running/jogging,2024,15.988,2025,16.525,0.537
2024 vs 2025,Sailing,2024,0.338,2025,0.327,-0.011
2024 vs 2025,Scootering,2024,0.175,2025,0.085,-0.09
2024 vs 2025,Scouts,2024,0.037,2025,0.022,-0.015
2024 vs 2025,Sepak takraw,2024,0.002,2025,0.003,0.001
2024 vs 2025,Shooting/field,2024,0.173,2025,0.203,0.03
2024 vs 2025,Shooting/range,2024,0.122,2025,0.136,0.014
2024 vs 2025,Skate,2024,0.473,2025,0.396,-0.077
2024 vs 2025,Skeleton,2024,0.0,2025,0.0,0.0
2024 vs 2025,Ski & snowboard,2024,0.83,2025,0.812,-0.018
2024 vs 2025,Skirmish,2024,0.003,2025,0.003,0.0
2024 vs 2025,Softball,2024,0.131,2025,0.136,0.005
2024 vs 2025,Sport climbing,2024,0.43,2025,0.542,0.112
2024 vs 2025,Squash,2024,0.461,2025,0.39,-0.071
2024 vs 2025,Surfing,2024,1.382,2025,1.385,0.003
2024 vs 2025,Swimming,2024,15.191,2025,15.39,0.199
2024 vs 2025,Sword fighting,2024,0.015,2025,0.023,0.008
2024 vs 2025,Synchronised swimming,2024,0.071,2025,0.052,-0.019
2024 vs 2025,Table tennis,2024,1.639,2025,1.79,0.151
2024 vs 2025,Taekwondo/Taekwon-do,2024,0.143,2025,0.115,-0.028
2024 vs 2025,Tee ball,2024,0.03,2025,0.012,-0.018
2024 vs 2025,Tennis,2024,5.081,2025,4.941,-0.14
2024 vs 2025,Tenpin bowling,2024,0.634,2025,0.629,-0.005
2024 vs 2025,Tobogganing,2024,0.0,2025,0.002,0.002
2024 vs 2025,Touch football,2024,0.768,2025,0.712,-0.056
2024 vs 2025,Triathlon,2024,0.113,2025,0.143,0.03
2024 vs 2025,Underwater sports,2024,0.808,2025,0.836,0.028
2024 vs 2025,Virtual based physical activity,2024,1.03,2025,0.95,-0.08
2024 vs 2025,Volleyball (indoor and outdoor),2024,1.426,2025,1.307,-0.119
2024 vs 2025,Walking (Recreational),2024,49.926,2025,50.204,0.278
2024 vs 2025,Water polo,2024,0.079,2025,0.092,0.013
2024 vs 2025,Waterskiing/Wakeboarding,2024,0.197,2025,0.15,-0.047
2024 vs 2025,Weight lifting,2024,1.448,2025,0.982,-0.466
2024 vs 2025,Wheelchair rugby,2024,0.012,2025,0.002,-0.01
2024 vs 2025,Wood chopping,2024,0.04,2025,0.033,-0.007
2024 vs 2025,Wrestling,2024,0.035,2025,0.04,0.005
2024 vs 2025,Yoga,2024,4.98,2025,5.072,0.092
