period,year_label,activity,organised_pct,org_male_pct,org_female_pct,org_age_15_17,org_age_18_24,org_age_25_34,org_age_35_44,org_age_45_54,org_age_55_64,org_age_65plus
Jul 2023–Jun 2024,2023/24,Adventure racing,0.118,0.179,0.043,0.18,0.155,0.26,0.194,0.064,0.018,0.008
Jul 2023–Jun 2024,2023/24,Air sports,0.25,0.335,0.169,0.291,0.349,0.53,0.407,0.09,0.102,0.036
Jul 2023–Jun 2024,2023/24,Archery,0.166,0.214,0.113,0.219,0.185,0.33,0.192,0.098,0.119,0.063
Jul 2023–Jun 2024,2023/24,"Athletics, track and field",0.827,1.036,0.609,3.572,1.735,1.189,0.992,0.44,0.13,0.079
Jul 2023–Jun 2024,2023/24,Australian football,1.745,2.805,0.734,4.263,4.105,3.152,2.116,0.778,0.479,0.041
Jul 2023–Jun 2024,2023/24,Badminton,0.843,0.98,0.682,5.157,1.564,1.402,0.6,0.298,0.2,0.103
Jul 2023–Jun 2024,2023/24,Baseball,0.264,0.45,0.087,0.7,0.44,0.441,0.398,0.169,0.073,0.018
Jul 2023–Jun 2024,2023/24,Basketball,2.526,3.589,1.486,11.742,6.206,3.472,2.756,1.051,0.412,0.163
Jul 2023–Jun 2024,2023/24,Baton twirling,0.026,0.035,0.018,0.0,0.02,0.109,0.014,0.015,0.0,0.0
Jul 2023–Jun 2024,2023/24,Biathlon,0.005,0.005,0.005,0.0,0.023,0.015,0.0,0.0,0.0,0.0
Jul 2023–Jun 2024,2023/24,Billiards/Snooker/Pool,0.103,0.135,0.068,0.0,0.143,0.143,0.107,0.068,0.146,0.062
Jul 2023–Jun 2024,2023/24,BMX,0.022,0.027,0.018,0.0,0.066,0.015,0.043,0.035,0.0,0.0
Jul 2023–Jun 2024,2023/24,Bobsledding,0.0,0.0,0.0,0.0,0.0,0.0,0.0,0.0,0.0,0.0
Jul 2023–Jun 2024,2023/24,Bocce/Boules,0.017,0.005,0.028,0.0,0.0,0.0,0.0,0.016,0.0,0.068
Jul 2023–Jun 2024,2023/24,Boccia,0.0,0.0,0.0,0.0,0.0,0.0,0.0,0.0,0.0,0.0
Jul 2023–Jun 2024,2023/24,Body building,0.011,0.018,0.004,0.0,0.018,0.012,0.026,0.015,0.0,0.0
Jul 2023–Jun 2024,2023/24,Boomerang throwing,0.005,0.009,0.0,0.0,0.0,0.0,0.014,0.015,0.0,0.0
Jul 2023–Jun 2024,2023/24,Bowls,0.761,1.077,0.458,0.179,0.085,0.179,0.158,0.448,0.859,2.385
Jul 2023–Jun 2024,2023/24,Boxing,0.591,0.59,0.597,0.98,1.2,0.998,0.802,0.391,0.26,0.044
Jul 2023–Jun 2024,2023/24,Broomball,0.0,0.0,0.0,0.0,0.0,0.0,0.0,0.0,0.0,0.0
Jul 2023–Jun 2024,2023/24,Bush walking,2.059,1.861,2.249,3.751,1.89,2.341,1.991,2.221,1.878,1.604
Jul 2023–Jun 2024,2023/24,Calisthenics,0.052,0.055,0.049,0.0,0.165,0.104,0.041,0.027,0.03,0.0
Jul 2023–Jun 2024,2023/24,Campdrafting,0.026,0.052,0.0,0.0,0.024,0.073,0.058,0.0,0.0,0.0
Jul 2023–Jun 2024,2023/24,Canoeing/Kayaking,0.246,0.23,0.266,1.159,0.255,0.315,0.186,0.305,0.19,0.035
Jul 2023–Jun 2024,2023/24,Circus,0.029,0.005,0.048,0.0,0.068,0.07,0.039,0.0,0.016,0.0
Jul 2023–Jun 2024,2023/24,Cricket,1.606,2.92,0.341,4.392,2.772,2.447,2.057,1.377,0.524,0.22
Jul 2023–Jun 2024,2023/24,Croquet,0.07,0.071,0.07,0.0,0.021,0.038,0.015,0.017,0.048,0.236
Jul 2023–Jun 2024,2023/24,Crossfit,0.462,0.319,0.606,0.361,0.31,1.035,0.817,0.369,0.181,0.037
Jul 2023–Jun 2024,2023/24,Curling,0.018,0.037,0.0,0.0,0.0,0.064,0.027,0.014,0.0,0.0
Jul 2023–Jun 2024,2023/24,Cycling,1.066,1.323,0.817,0.776,1.019,1.246,1.056,1.253,1.299,0.714
Jul 2023–Jun 2024,2023/24,DanceSport,0.633,0.145,1.102,2.104,1.615,0.818,0.543,0.27,0.358,0.177
Jul 2023–Jun 2024,2023/24,Dancing (recreational),1.016,0.376,1.642,1.581,1.236,0.973,1.248,0.728,0.78,0.996
Jul 2023–Jun 2024,2023/24,Darts,0.069,0.091,0.047,0.0,0.022,0.077,0.058,0.059,0.043,0.133
Jul 2023–Jun 2024,2023/24,Diving,0.013,0.014,0.012,0.0,0.038,0.038,0.013,0.0,0.0,0.0
Jul 2023–Jun 2024,2023/24,Dodgeball,0.052,0.044,0.057,0.361,0.126,0.101,0.028,0.0,0.0,0.0
Jul 2023–Jun 2024,2023/24,Dragon boat racing,0.043,0.043,0.044,0.0,0.021,0.036,0.03,0.065,0.046,0.063
Jul 2023–Jun 2024,2023/24,Eight ball,0.015,0.018,0.013,0.0,0.061,0.023,0.027,0.0,0.0,0.0
Jul 2023–Jun 2024,2023/24,Equestrian,0.228,0.097,0.35,0.18,0.455,0.322,0.319,0.211,0.149,0.034
Jul 2023–Jun 2024,2023/24,eSports,0.106,0.165,0.049,0.0,0.29,0.228,0.14,0.065,0.0,0.0
Jul 2023–Jun 2024,2023/24,Fencing,0.032,0.051,0.014,0.167,0.021,0.042,0.016,0.048,0.023,0.009
Jul 2023–Jun 2024,2023/24,Fishing (recreational),0.112,0.193,0.035,0.0,0.048,0.133,0.119,0.119,0.094,0.155
Jul 2023–Jun 2024,2023/24,Fitness/Gym,11.886,9.179,14.586,10.297,13.141,14.333,12.41,10.636,10.239,11.07
Jul 2023–Jun 2024,2023/24,Floorball,0.005,0.005,0.005,0.0,0.023,0.0,0.0,0.016,0.0,0.0
Jul 2023–Jun 2024,2023/24,Flying disc,0.121,0.178,0.053,0.675,0.375,0.212,0.04,0.017,0.028,0.0
Jul 2023–Jun 2024,2023/24,Football/soccer,3.528,5.569,1.544,11.44,8.893,5.441,3.788,2.351,0.56,0.077
Jul 2023–Jun 2024,2023/24,Gaelic football,0.039,0.058,0.022,0.189,0.057,0.074,0.044,0.015,0.0,0.008
Jul 2023–Jun 2024,2023/24,Geocaching,0.007,0.013,0.0,0.0,0.0,0.015,0.0,0.017,0.009,0.0
Jul 2023–Jun 2024,2023/24,Goalball,0.002,0.0,0.005,0.0,0.0,0.0,0.015,0.0,0.0,0.0
Jul 2023–Jun 2024,2023/24,Golf,2.268,3.705,0.9,0.55,1.048,1.257,1.181,2.482,3.255,4.193
Jul 2023–Jun 2024,2023/24,Gridiron,0.026,0.036,0.017,0.0,0.08,0.085,0.015,0.0,0.0,0.0
Jul 2023–Jun 2024,2023/24,Guides,0.008,0.01,0.005,0.0,0.024,0.014,0.015,0.0,0.0,0.0
Jul 2023–Jun 2024,2023/24,Gymnastics,0.316,0.25,0.375,0.786,0.905,0.416,0.417,0.223,0.029,0.005
Jul 2023–Jun 2024,2023/24,Handball,0.073,0.097,0.05,0.739,0.111,0.076,0.044,0.047,0.0,0.0
Jul 2023–Jun 2024,2023/24,Harness racing,0.014,0.015,0.012,0.0,0.022,0.024,0.0,0.045,0.0,0.0
Jul 2023–Jun 2024,2023/24,Hockey,0.49,0.508,0.478,1.909,0.979,0.593,0.479,0.402,0.176,0.131
Jul 2023–Jun 2024,2023/24,Horse racing,0.04,0.061,0.021,0.0,0.057,0.069,0.075,0.046,0.017,0.0
Jul 2023–Jun 2024,2023/24,Ice hockey,0.045,0.061,0.015,0.0,0.103,0.061,0.081,0.046,0.0,0.01
Jul 2023–Jun 2024,2023/24,Ice racing/speed skating,0.007,0.0,0.014,0.0,0.019,0.0,0.028,0.0,0.0,0.0
Jul 2023–Jun 2024,2023/24,Ice skating,0.069,0.037,0.098,0.476,0.17,0.059,0.024,0.078,0.022,0.0
Jul 2023–Jun 2024,2023/24,Jet skiing,0.034,0.039,0.029,0.192,0.023,0.051,0.014,0.05,0.028,0.0
Jul 2023–Jun 2024,2023/24,Judo,0.027,0.046,0.008,0.0,0.09,0.04,0.012,0.014,0.0,0.027
Jul 2023–Jun 2024,2023/24,Jujitsu,0.166,0.281,0.057,0.214,0.28,0.341,0.189,0.171,0.043,0.01
Jul 2023–Jun 2024,2023/24,Karate,0.218,0.234,0.206,0.683,0.337,0.213,0.252,0.338,0.089,0.034
Jul 2023–Jun 2024,2023/24,Kendo,0.018,0.036,0.0,0.2,0.0,0.036,0.0,0.016,0.0,0.0
Jul 2023–Jun 2024,2023/24,Kitesurfing/kiteboarding,0.007,0.014,0.0,0.0,0.0,0.028,0.0,0.0,0.015,0.0
Jul 2023–Jun 2024,2023/24,Korfball,0.0,0.0,0.0,0.0,0.0,0.0,0.0,0.0,0.0,0.0
Jul 2023–Jun 2024,2023/24,Kung fu wushu,0.011,0.018,0.005,0.0,0.0,0.035,0.013,0.018,0.0,0.0
Jul 2023–Jun 2024,2023/24,Lacrosse,0.033,0.032,0.034,0.128,0.118,0.0,0.059,0.031,0.0,0.0
Jul 2023–Jun 2024,2023/24,Lifesaving royal,0.005,0.005,0.005,0.0,0.0,0.013,0.014,0.0,0.0,0.0
Jul 2023–Jun 2024,2023/24,Lifesaving surf,0.098,0.145,0.053,0.32,0.065,0.069,0.072,0.21,0.08,0.044
Jul 2023–Jun 2024,2023/24,Luging,0.007,0.005,0.01,0.0,0.0,0.013,0.014,0.018,0.0,0.0
Jul 2023–Jun 2024,2023/24,Marching,0.0,0.0,0.0,0.0,0.0,0.0,0.0,0.0,0.0,0.0
Jul 2023–Jun 2024,2023/24,Martial arts,0.45,0.361,0.543,0.54,0.224,0.369,0.35,0.234,0.445,0.86
Jul 2023–Jun 2024,2023/24,Mixed martial arts,0.078,0.114,0.043,0.218,0.139,0.154,0.124,0.018,0.0,0.009
Jul 2023–Jun 2024,2023/24,Modern pentathlon,0.005,0.01,0.0,0.0,0.021,0.0,0.016,0.0,0.0,0.0
Jul 2023–Jun 2024,2023/24,Motor cycling,0.329,0.525,0.137,0.727,0.565,0.616,0.387,0.106,0.213,0.069
Jul 2023–Jun 2024,2023/24,Motor sport,0.16,0.286,0.039,0.189,0.407,0.265,0.163,0.105,0.079,0.027
Jul 2023–Jun 2024,2023/24,Mountain biking,0.116,0.223,0.014,0.903,0.187,0.025,0.124,0.106,0.037,0.045
Jul 2023–Jun 2024,2023/24,Mountain climbing,0.02,0.025,0.014,0.0,0.022,0.078,0.0,0.014,0.0,0.006
Jul 2023–Jun 2024,2023/24,Muay Thai,0.087,0.095,0.076,0.0,0.233,0.141,0.18,0.016,0.018,0.009
Jul 2023–Jun 2024,2023/24,Netball,1.744,0.502,2.952,7.234,4.912,2.578,1.579,0.822,0.251,0.037
Jul 2023–Jun 2024,2023/24,Obstacle,0.031,0.025,0.037,0.0,0.053,0.071,0.013,0.056,0.0,0.008
Jul 2023–Jun 2024,2023/24,Orienteering,0.026,0.031,0.022,0.0,0.021,0.013,0.012,0.059,0.053,0.017
Jul 2023–Jun 2024,2023/24,Outrigger canoe,0.02,0.032,0.008,0.0,0.0,0.051,0.0,0.0,0.064,0.009
Jul 2023–Jun 2024,2023/24,Oztag,0.218,0.223,0.216,0.2,0.843,0.425,0.181,0.067,0.0,0.008
Jul 2023–Jun 2024,2023/24,Paddle sports,0.075,0.078,0.072,0.0,0.044,0.14,0.045,0.094,0.095,0.046
Jul 2023–Jun 2024,2023/24,Paintball,0.027,0.035,0.02,0.0,0.04,0.101,0.0,0.034,0.0,0.0
Jul 2023–Jun 2024,2023/24,Parkour,0.016,0.027,0.005,0.189,0.022,0.0,0.03,0.0,0.0,0.0
Jul 2023–Jun 2024,2023/24,Petanque,0.008,0.003,0.012,0.0,0.0,0.0,0.0,0.0,0.0,0.038
Jul 2023–Jun 2024,2023/24,Physical Culture,0.032,0.019,0.045,0.0,0.021,0.075,0.016,0.017,0.026,0.034
Jul 2023–Jun 2024,2023/24,Pickleball,0.262,0.33,0.196,0.647,0.102,0.189,0.116,0.246,0.552,0.261
Jul 2023–Jun 2024,2023/24,Pilates,3.816,0.783,6.804,1.129,4.069,6.323,4.547,3.539,3.29,2.074
Jul 2023–Jun 2024,2023/24,Polo,0.003,0.005,0.0,0.0,0.0,0.0,0.015,0.0,0.0,0.0
Jul 2023–Jun 2024,2023/24,Polocrosse,0.007,0.015,0.0,0.0,0.021,0.0,0.015,0.016,0.0,0.0
Jul 2023–Jun 2024,2023/24,Pony Club,0.037,0.031,0.042,0.0,0.0,0.034,0.093,0.039,0.063,0.0
Jul 2023–Jun 2024,2023/24,Powerlifting,0.032,0.027,0.036,0.0,0.08,0.063,0.056,0.017,0.0,0.0
Jul 2023–Jun 2024,2023/24,Ready Steady Go Kids,0.002,0.003,0.0,0.0,0.0,0.009,0.0,0.0,0.0,0.0
Jul 2023–Jun 2024,2023/24,Rock climbing/Abseiling/Caving,0.196,0.23,0.157,0.908,0.407,0.245,0.223,0.108,0.045,0.037
Jul 2023–Jun 2024,2023/24,Rodeo,0.0,0.0,0.0,0.0,0.0,0.0,0.0,0.0,0.0,0.0
Jul 2023–Jun 2024,2023/24,Rogaining,0.01,0.021,0.0,0.0,0.0,0.012,0.017,0.033,0.0,0.0
Jul 2023–Jun 2024,2023/24,Roller Derby,0.031,0.006,0.047,0.214,0.064,0.026,0.061,0.0,0.0,0.0
Jul 2023–Jun 2024,2023/24,Rope skipping,0.027,0.012,0.042,0.0,0.094,0.058,0.039,0.0,0.0,0.0
Jul 2023–Jun 2024,2023/24,Rowing,0.175,0.182,0.171,0.547,0.257,0.1,0.226,0.153,0.182,0.089
Jul 2023–Jun 2024,2023/24,Rugby league,0.517,0.704,0.323,1.747,1.389,1.077,0.398,0.147,0.044,0.01
Jul 2023–Jun 2024,2023/24,Rugby union,0.252,0.409,0.092,0.311,0.822,0.421,0.252,0.136,0.065,0.008
Jul 2023–Jun 2024,2023/24,Running/jogging,4.344,5.076,3.643,7.603,7.438,7.167,5.434,3.936,2.139,0.53
Jul 2023–Jun 2024,2023/24,Sailing,0.193,0.287,0.103,0.277,0.132,0.169,0.137,0.164,0.337,0.194
Jul 2023–Jun 2024,2023/24,Scootering,0.014,0.005,0.023,0.0,0.0,0.035,0.046,0.0,0.0,0.0
Jul 2023–Jun 2024,2023/24,Scouts,0.018,0.038,0.0,0.0,0.041,0.023,0.011,0.012,0.0,0.03
Jul 2023–Jun 2024,2023/24,Sepak takraw,0.005,0.005,0.0,0.0,0.0,0.012,0.014,0.0,0.0,0.0
Jul 2023–Jun 2024,2023/24,Shooting,0.085,0.13,0.038,0.166,0.048,0.082,0.116,0.112,0.078,0.051
Jul 2023–Jun 2024,2023/24,Shooting sports,0.096,0.148,0.048,0.344,0.08,0.099,0.059,0.085,0.05,0.121
Jul 2023–Jun 2024,2023/24,Skate,0.094,0.076,0.107,0.195,0.229,0.073,0.18,0.111,0.0,0.0
Jul 2023–Jun 2024,2023/24,Skeleton,0.0,0.0,0.0,0.0,0.0,0.0,0.0,0.0,0.0,0.0
Jul 2023–Jun 2024,2023/24,Ski & snowboard,0.148,0.16,0.132,0.401,0.12,0.19,0.144,0.131,0.183,0.063
Jul 2023–Jun 2024,2023/24,Skirmish,0.0,0.0,0.0,0.0,0.0,0.0,0.0,0.0,0.0,0.0
Jul 2023–Jun 2024,2023/24,Softball,0.111,0.087,0.135,0.2,0.165,0.131,0.143,0.202,0.044,0.0
Jul 2023–Jun 2024,2023/24,Sport climbing,0.117,0.111,0.12,0.0,0.346,0.274,0.131,0.048,0.012,0.0
Jul 2023–Jun 2024,2023/24,Squash,0.118,0.148,0.09,0.0,0.188,0.123,0.08,0.146,0.164,0.081
Jul 2023–Jun 2024,2023/24,Surfing,0.215,0.233,0.2,0.195,0.428,0.335,0.225,0.177,0.177,0.051
Jul 2023–Jun 2024,2023/24,Swimming,2.769,2.533,3.017,6.272,3.55,3.586,3.813,2.293,1.596,1.205
Jul 2023–Jun 2024,2023/24,Sword fighting,0.014,0.02,0.004,0.0,0.038,0.029,0.012,0.0,0.02,0.0
Jul 2023–Jun 2024,2023/24,Synchronised swimming,0.051,0.04,0.062,0.0,0.037,0.16,0.058,0.043,0.012,0.0
Jul 2023–Jun 2024,2023/24,Table tennis,0.58,0.802,0.363,2.46,0.751,0.86,0.324,0.166,0.285,0.562
Jul 2023–Jun 2024,2023/24,Taekwondo,0.16,0.154,0.142,1.005,0.394,0.037,0.273,0.086,0.035,0.01
Jul 2023–Jun 2024,2023/24,Tee ball,0.017,0.019,0.016,0.18,0.043,0.0,0.013,0.016,0.0,0.0
Jul 2023–Jun 2024,2023/24,Tennis,1.943,2.383,1.508,5.214,2.413,1.891,1.809,1.937,1.561,1.419
Jul 2023–Jun 2024,2023/24,Tenpin bowling,0.202,0.248,0.16,0.13,0.098,0.214,0.265,0.24,0.217,0.174
Jul 2023–Jun 2024,2023/24,Tobogganing,0.0,0.0,0.0,0.0,0.0,0.0,0.0,0.0,0.0,0.0
Jul 2023–Jun 2024,2023/24,Touch football,0.652,0.768,0.548,1.722,1.483,1.228,0.565,0.47,0.157,0.04
Jul 2023–Jun 2024,2023/24,Triathlon,0.14,0.199,0.085,0.396,0.133,0.156,0.176,0.194,0.117,0.023
Jul 2023–Jun 2024,2023/24,Underwater sports,0.305,0.35,0.259,0.167,0.323,0.447,0.295,0.358,0.342,0.148
Jul 2023–Jun 2024,2023/24,Virtual based physical activity,0.173,0.223,0.105,0.18,0.427,0.431,0.151,0.066,0.0,0.031
Jul 2023–Jun 2024,2023/24,Volleyball (indoor and outdoor),0.952,1.092,0.822,8.088,2.694,1.085,0.28,0.274,0.128,0.015
Jul 2023–Jun 2024,2023/24,Walking (Recreational),4.388,3.22,5.512,3.692,3.869,4.133,4.353,4.52,4.764,4.7
Jul 2023–Jun 2024,2023/24,Water polo,0.097,0.126,0.07,0.606,0.176,0.137,0.091,0.016,0.065,0.0
Jul 2023–Jun 2024,2023/24,Waterskiing/Wakeboarding,0.052,0.067,0.038,0.408,0.065,0.052,0.0,0.069,0.027,0.016
Jul 2023–Jun 2024,2023/24,Weight lifting,0.275,0.294,0.259,0.55,0.441,0.513,0.329,0.188,0.107,0.059
Jul 2023–Jun 2024,2023/24,Wheelchair rugby,0.003,0.006,0.0,0.0,0.0,0.0,0.016,0.0,0.0,0.0
Jul 2023–Jun 2024,2023/24,Wood chopping,0.01,0.02,0.0,0.0,0.021,0.0,0.0,0.0,0.0,0.037
Jul 2023–Jun 2024,2023/24,Wrestling,0.014,0.024,0.0,0.0,0.0,0.079,0.0,0.0,0.0,0.0
Jul 2023–Jun 2024,2023/24,Yoga,2.718,0.752,4.645,1.443,1.736,3.457,3.085,3.284,3.092,1.901
Jan–Dec 2024,2024,Adventure racing,0.135,0.214,0.06,0.185,0.164,0.307,0.206,0.102,0.011,0.008
Jan–Dec 2024,2024,Air sports,0.259,0.342,0.164,0.466,0.461,0.546,0.335,0.058,0.15,0.016
Jan–Dec 2024,2024,Archery,0.164,0.2,0.122,0.584,0.249,0.213,0.223,0.046,0.106,0.062
Jan–Dec 2024,2024,"Athletics, track and field",0.902,1.25,0.572,3.658,2.275,1.431,0.845,0.334,0.23,0.048
Jan–Dec 2024,2024,Australian football,1.805,2.784,0.847,4.01,4.052,3.283,2.31,0.926,0.45,0.015
Jan–Dec 2024,2024,Badminton,0.847,0.992,0.696,4.439,1.666,1.591,0.569,0.249,0.175,0.122
Jan–Dec 2024,2024,Baseball,0.293,0.454,0.142,0.957,0.443,0.469,0.354,0.244,0.107,0.033
Jan–Dec 2024,2024,Basketball,2.446,3.439,1.486,10.798,5.992,3.704,2.457,1.104,0.21,0.182
Jan–Dec 2024,2024,Baton twirling,0.02,0.025,0.016,0.0,0.02,0.078,0.0,0.016,0.0,0.007
Jan–Dec 2024,2024,Biathlon,0.012,0.013,0.011,0.0,0.022,0.013,0.032,0.0,0.0,0.007
Jan–Dec 2024,2024,Billiards/Snooker/Pool,0.113,0.161,0.068,0.0,0.162,0.15,0.151,0.049,0.167,0.058
Jan–Dec 2024,2024,BMX,0.013,0.026,0.0,0.0,0.021,0.043,0.0,0.018,0.0,0.0
Jan–Dec 2024,2024,Bobsledding,0.0,0.0,0.0,0.0,0.0,0.0,0.0,0.0,0.0,0.0
Jan–Dec 2024,2024,Bocce/Boules,0.008,0.012,0.003,0.0,0.0,0.0,0.0,0.016,0.0,0.024
Jan–Dec 2024,2024,Boccia,0.0,0.0,0.0,0.0,0.0,0.0,0.0,0.0,0.0,0.0
Jan–Dec 2024,2024,Body building,0.013,0.022,0.005,0.0,0.04,0.012,0.014,0.03,0.0,0.0
Jan–Dec 2024,2024,Boomerang throwing,0.009,0.019,0.0,0.0,0.02,0.012,0.0,0.031,0.0,0.0
Jan–Dec 2024,2024,Bowls,0.802,1.126,0.499,0.142,0.091,0.238,0.215,0.355,0.917,2.521
Jan–Dec 2024,2024,Boxing,0.553,0.59,0.511,0.659,1.246,1.123,0.612,0.358,0.16,0.034
Jan–Dec 2024,2024,Broomball,0.005,0.01,0.0,0.0,0.0,0.015,0.014,0.0,0.0,0.0
Jan–Dec 2024,2024,Bush walking,2.035,1.805,2.271,2.951,1.862,2.191,1.88,2.086,2.018,1.899
Jan–Dec 2024,2024,Calisthenics,0.067,0.075,0.061,0.0,0.202,0.143,0.041,0.045,0.041,0.0
Jan–Dec 2024,2024,Campdrafting,0.016,0.017,0.015,0.0,0.0,0.035,0.044,0.015,0.0,0.0
Jan–Dec 2024,2024,Canoeing/Kayaking,0.26,0.228,0.295,1.089,0.164,0.268,0.193,0.436,0.307,0.026
Jan–Dec 2024,2024,Circus,0.043,0.021,0.061,0.0,0.075,0.111,0.087,0.0,0.0,0.0
Jan–Dec 2024,2024,Cricket,1.561,2.795,0.376,4.402,2.764,2.308,1.976,1.405,0.51,0.161
Jan–Dec 2024,2024,Croquet,0.071,0.066,0.076,0.185,0.02,0.013,0.014,0.017,0.077,0.203
Jan–Dec 2024,2024,Crossfit,0.418,0.28,0.557,0.519,0.321,0.846,0.682,0.319,0.262,0.038
Jan–Dec 2024,2024,Curling,0.009,0.019,0.0,0.0,0.022,0.013,0.026,0.0,0.0,0.0
Jan–Dec 2024,2024,Cycling,1.056,1.329,0.792,0.557,1.261,1.228,1.022,1.078,1.379,0.706
Jan–Dec 2024,2024,DanceSport,0.68,0.199,1.143,2.324,1.654,0.96,0.634,0.28,0.288,0.169
Jan–Dec 2024,2024,Dancing (recreational),1.165,0.453,1.839,2.07,1.237,1.052,1.33,0.696,0.905,1.406
Jan–Dec 2024,2024,Darts,0.054,0.063,0.041,0.158,0.021,0.037,0.087,0.044,0.044,0.049
Jan–Dec 2024,2024,Diving,0.019,0.018,0.02,0.0,0.038,0.036,0.013,0.042,0.0,0.0
Jan–Dec 2024,2024,Dodgeball,0.056,0.056,0.053,0.351,0.037,0.104,0.094,0.0,0.015,0.0
Jan–Dec 2024,2024,Dragon boat racing,0.045,0.034,0.056,0.0,0.0,0.056,0.0,0.077,0.074,0.062
Jan–Dec 2024,2024,Eight ball,0.022,0.023,0.021,0.0,0.082,0.047,0.027,0.0,0.0,0.0
Jan–Dec 2024,2024,Equestrian,0.257,0.098,0.412,0.0,0.354,0.418,0.431,0.245,0.197,0.032
Jan–Dec 2024,2024,eSports,0.111,0.174,0.052,0.175,0.248,0.163,0.222,0.049,0.016,0.0
Jan–Dec 2024,2024,Fencing,0.061,0.08,0.044,0.534,0.0,0.052,0.061,0.067,0.022,0.023
Jan–Dec 2024,2024,Fishing (recreational),0.113,0.177,0.052,0.0,0.087,0.158,0.069,0.176,0.079,0.125
Jan–Dec 2024,2024,Fitness/Gym,12.576,9.41,15.734,9.809,12.619,14.968,12.608,11.612,11.603,12.403
Jan–Dec 2024,2024,Floorball,0.002,0.004,0.0,0.0,0.0,0.012,0.0,0.0,0.0,0.0
Jan–Dec 2024,2024,Flying disc,0.1,0.158,0.045,0.414,0.299,0.177,0.075,0.01,0.011,0.007
Jan–Dec 2024,2024,Football/soccer,3.394,5.408,1.459,10.871,7.78,5.451,3.859,2.272,0.561,0.062
Jan–Dec 2024,2024,Gaelic football,0.029,0.052,0.007,0.0,0.061,0.112,0.014,0.0,0.0,0.0
Jan–Dec 2024,2024,Geocaching,0.011,0.023,0.0,0.0,0.049,0.0,0.0,0.016,0.024,0.0
Jan–Dec 2024,2024,Goalball,0.01,0.016,0.003,0.0,0.016,0.029,0.017,0.0,0.0,0.0
Jan–Dec 2024,2024,Golf,2.49,4.083,0.965,0.471,0.913,1.409,1.219,2.778,3.749,4.664
Jan–Dec 2024,2024,Gridiron,0.043,0.066,0.021,0.0,0.145,0.109,0.045,0.0,0.0,0.0
Jan–Dec 2024,2024,Guides,0.008,0.01,0.005,0.0,0.024,0.014,0.0,0.017,0.0,0.0
Jan–Dec 2024,2024,Gymnastics,0.304,0.178,0.425,0.554,0.83,0.426,0.453,0.174,0.016,0.034
Jan–Dec 2024,2024,Handball,0.085,0.103,0.069,0.526,0.176,0.135,0.067,0.045,0.0,0.0
Jan–Dec 2024,2024,Harness racing,0.011,0.005,0.017,0.0,0.0,0.01,0.015,0.045,0.0,0.0
Jan–Dec 2024,2024,Hockey,0.421,0.418,0.425,1.206,0.787,0.531,0.408,0.393,0.274,0.098
Jan–Dec 2024,2024,Horse racing,0.03,0.016,0.045,0.182,0.019,0.017,0.062,0.03,0.016,0.0
Jan–Dec 2024,2024,Ice hockey,0.041,0.062,0.013,0.148,0.091,0.034,0.072,0.014,0.031,0.0
Jan–Dec 2024,2024,Ice racing/speed skating,0.004,0.0,0.008,0.0,0.018,0.0,0.013,0.0,0.0,0.0
Jan–Dec 2024,2024,Ice skating,0.062,0.04,0.084,0.259,0.216,0.053,0.04,0.046,0.028,0.0
Jan–Dec 2024,2024,Jet skiing,0.027,0.029,0.025,0.0,0.044,0.075,0.026,0.014,0.013,0.0
Jan–Dec 2024,2024,Judo,0.042,0.064,0.021,0.0,0.175,0.063,0.044,0.0,0.016,0.009
Jan–Dec 2024,2024,Jujitsu,0.181,0.295,0.073,0.36,0.274,0.359,0.266,0.119,0.045,0.008
Jan–Dec 2024,2024,Karate,0.212,0.201,0.216,0.484,0.402,0.155,0.278,0.357,0.093,0.023
Jan–Dec 2024,2024,Kendo,0.009,0.019,0.0,0.0,0.022,0.021,0.018,0.0,0.0,0.0
Jan–Dec 2024,2024,Kitesurfing/kiteboarding,0.007,0.015,0.0,0.0,0.0,0.028,0.0,0.0,0.017,0.0
Jan–Dec 2024,2024,Korfball,0.0,0.0,0.0,0.0,0.0,0.0,0.0,0.0,0.0,0.0
Jan–Dec 2024,2024,Kung fu wushu,0.009,0.013,0.005,0.0,0.0,0.022,0.028,0.0,0.0,0.0
Jan–Dec 2024,2024,Lacrosse,0.021,0.02,0.023,0.168,0.04,0.0,0.03,0.015,0.016,0.0
Jan–Dec 2024,2024,Lifesaving royal,0.0,0.0,0.0,0.0,0.0,0.0,0.0,0.0,0.0,0.0
Jan–Dec 2024,2024,Lifesaving surf,0.135,0.204,0.065,0.515,0.163,0.117,0.16,0.215,0.031,0.046
Jan–Dec 2024,2024,Luging,0.0,0.0,0.0,0.0,0.0,0.0,0.0,0.0,0.0,0.0
Jan–Dec 2024,2024,Marching,0.0,0.0,0.0,0.0,0.0,0.0,0.0,0.0,0.0,0.0
Jan–Dec 2024,2024,Martial arts,0.527,0.403,0.651,1.051,0.247,0.433,0.253,0.347,0.427,1.061
Jan–Dec 2024,2024,Mixed martial arts,0.07,0.11,0.031,0.214,0.141,0.173,0.054,0.018,0.0,0.009
Jan–Dec 2024,2024,Modern pentathlon,0.007,0.015,0.0,0.0,0.021,0.014,0.016,0.0,0.0,0.0
Jan–Dec 2024,2024,Motor cycling,0.357,0.57,0.151,0.316,0.735,0.637,0.321,0.235,0.31,0.076
Jan–Dec 2024,2024,Motor sport,0.171,0.265,0.082,0.152,0.297,0.272,0.253,0.139,0.102,0.026
Jan–Dec 2024,2024,Mountain biking,0.1,0.141,0.063,0.288,0.112,0.086,0.123,0.107,0.118,0.032
Jan–Dec 2024,2024,Mountain climbing,0.035,0.024,0.045,0.0,0.059,0.075,0.047,0.029,0.0,0.013
Jan–Dec 2024,2024,Muay Thai,0.103,0.123,0.08,0.0,0.366,0.225,0.111,0.016,0.0,0.009
Jan–Dec 2024,2024,Netball,1.839,0.447,3.192,6.633,5.137,3.011,1.575,1.004,0.164,0.024
Jan–Dec 2024,2024,Obstacle,0.019,0.024,0.015,0.0,0.033,0.036,0.046,0.0,0.0,0.008
Jan–Dec 2024,2024,Orienteering,0.031,0.042,0.018,0.0,0.021,0.01,0.012,0.091,0.051,0.021
Jan–Dec 2024,2024,Outrigger canoe,0.022,0.035,0.009,0.0,0.0,0.0,0.036,0.032,0.078,0.0
Jan–Dec 2024,2024,Oztag,0.242,0.239,0.248,0.546,0.69,0.503,0.223,0.068,0.017,0.008
Jan–Dec 2024,2024,Paddle sports,0.071,0.059,0.084,0.0,0.089,0.095,0.077,0.077,0.119,0.014
Jan–Dec 2024,2024,Paintball,0.034,0.058,0.011,0.0,0.039,0.088,0.014,0.048,0.032,0.0
Jan–Dec 2024,2024,Parkour,0.005,0.01,0.0,0.0,0.0,0.012,0.015,0.0,0.0,0.0
Jan–Dec 2024,2024,Petanque,0.005,0.007,0.003,0.0,0.0,0.0,0.0,0.0,0.0,0.023
Jan–Dec 2024,2024,Physical Culture,0.025,0.003,0.046,0.0,0.084,0.012,0.0,0.032,0.014,0.032
Jan–Dec 2024,2024,Pickleball,0.444,0.478,0.411,0.766,0.278,0.342,0.303,0.46,0.743,0.455
Jan–Dec 2024,2024,Pilates,4.392,0.9,7.827,1.135,4.898,7.122,5.143,3.961,4.061,2.397
Jan–Dec 2024,2024,Polo,0.0,0.0,0.0,0.0,0.0,0.0,0.0,0.0,0.0,0.0
Jan–Dec 2024,2024,Polocrosse,0.005,0.009,0.0,0.0,0.02,0.0,0.0,0.016,0.0,0.0
Jan–Dec 2024,2024,Pony Club,0.034,0.029,0.039,0.0,0.019,0.022,0.074,0.059,0.016,0.019
Jan–Dec 2024,2024,Powerlifting,0.047,0.034,0.059,0.0,0.083,0.075,0.084,0.065,0.0,0.0
Jan–Dec 2024,2024,Ready Steady Go Kids,0.004,0.009,0.0,0.0,0.0,0.009,0.015,0.0,0.0,0.0
Jan–Dec 2024,2024,Rock climbing/Abseiling/Caving,0.164,0.2,0.127,0.681,0.322,0.212,0.208,0.055,0.031,0.059
Jan–Dec 2024,2024,Rodeo,0.0,0.0,0.0,0.0,0.0,0.0,0.0,0.0,0.0,0.0
Jan–Dec 2024,2024,Rogaining,0.009,0.009,0.009,0.0,0.0,0.012,0.017,0.016,0.01,0.0
Jan–Dec 2024,2024,Roller Derby,0.024,0.006,0.038,0.211,0.0,0.013,0.075,0.0,0.0,0.0
Jan–Dec 2024,2024,Rope skipping,0.031,0.022,0.04,0.179,0.065,0.037,0.052,0.0,0.0,0.0
Jan–Dec 2024,2024,Rowing,0.181,0.171,0.193,0.512,0.299,0.084,0.146,0.155,0.277,0.115
Jan–Dec 2024,2024,Rugby league,0.496,0.705,0.285,1.439,1.229,1.036,0.448,0.148,0.076,0.017
Jan–Dec 2024,2024,Rugby union,0.29,0.469,0.109,0.624,0.843,0.517,0.279,0.128,0.052,0.018
Jan–Dec 2024,2024,Running/jogging,4.547,5.099,4.037,6.714,7.456,7.871,6.021,3.912,2.246,0.499
Jan–Dec 2024,2024,Sailing,0.195,0.291,0.105,0.273,0.142,0.182,0.121,0.152,0.377,0.189
Jan–Dec 2024,2024,Scootering,0.011,0.01,0.013,0.0,0.022,0.021,0.03,0.0,0.0,0.0
Jan–Dec 2024,2024,Scouts,0.022,0.041,0.004,0.143,0.038,0.012,0.011,0.012,0.0,0.029
Jan–Dec 2024,2024,Sepak takraw,0.0,0.0,0.0,0.0,0.0,0.0,0.0,0.0,0.0,0.0
Jan–Dec 2024,2024,Shooting,0.09,0.136,0.041,0.163,0.106,0.07,0.121,0.079,0.045,0.095
Jan–Dec 2024,2024,Shooting sports,0.091,0.161,0.026,0.163,0.075,0.097,0.089,0.098,0.048,0.106
Jan–Dec 2024,2024,Skate,0.084,0.041,0.124,0.0,0.146,0.119,0.185,0.075,0.032,0.0
Jan–Dec 2024,2024,Skeleton,0.0,0.0,0.0,0.0,0.0,0.0,0.0,0.0,0.0,0.0
Jan–Dec 2024,2024,Ski & snowboard,0.168,0.182,0.157,0.562,0.191,0.195,0.138,0.18,0.169,0.066
Jan–Dec 2024,2024,Skirmish,0.003,0.007,0.0,0.0,0.0,0.0,0.02,0.0,0.0,0.0
Jan–Dec 2024,2024,Softball,0.116,0.065,0.168,0.184,0.169,0.134,0.161,0.2,0.06,0.0
Jan–Dec 2024,2024,Sport climbing,0.121,0.115,0.115,0.0,0.405,0.27,0.113,0.041,0.027,0.0
Jan–Dec 2024,2024,Squash,0.143,0.227,0.063,0.328,0.176,0.152,0.121,0.156,0.094,0.119
Jan–Dec 2024,2024,Surfing,0.186,0.191,0.183,0.184,0.232,0.374,0.188,0.124,0.162,0.058
Jan–Dec 2024,2024,Swimming,2.883,2.566,3.206,8.27,3.49,3.745,3.643,2.185,1.712,1.339
Jan–Dec 2024,2024,Sword fighting,0.009,0.009,0.004,0.0,0.037,0.015,0.012,0.0,0.0,0.0
Jan–Dec 2024,2024,Synchronised swimming,0.048,0.049,0.048,0.0,0.074,0.127,0.057,0.04,0.011,0.0
Jan–Dec 2024,2024,Table tennis,0.566,0.789,0.349,1.35,1.137,0.76,0.412,0.179,0.272,0.534
Jan–Dec 2024,2024,Taekwondo,0.126,0.141,0.104,0.788,0.313,0.05,0.168,0.1,0.031,0.0
Jan–Dec 2024,2024,Tee ball,0.021,0.037,0.005,0.0,0.089,0.04,0.013,0.01,0.0,0.0
Jan–Dec 2024,2024,Tennis,2.063,2.47,1.665,4.853,2.597,2.051,1.935,2.029,1.668,1.595
Jan–Dec 2024,2024,Tenpin bowling,0.192,0.22,0.168,0.149,0.12,0.185,0.226,0.201,0.229,0.187
Jan–Dec 2024,2024,Tobogganing,0.0,0.0,0.0,0.0,0.0,0.0,0.0,0.0,0.0,0.0
Jan–Dec 2024,2024,Touch football,0.614,0.749,0.491,1.504,1.448,1.191,0.48,0.45,0.158,0.025
Jan–Dec 2024,2024,Triathlon,0.105,0.144,0.067,0.389,0.111,0.142,0.115,0.121,0.064,0.014
Jan–Dec 2024,2024,Underwater sports,0.347,0.357,0.336,0.349,0.191,0.555,0.288,0.502,0.41,0.143
Jan–Dec 2024,2024,Virtual based physical activity,0.179,0.269,0.09,0.334,0.457,0.321,0.196,0.101,0.016,0.032
Jan–Dec 2024,2024,Volleyball (indoor and outdoor),0.929,1.077,0.788,7.008,2.764,1.095,0.319,0.287,0.142,0.017
Jan–Dec 2024,2024,Walking (Recreational),4.457,3.328,5.567,5.182,3.633,4.34,4.171,4.694,4.977,4.549
Jan–Dec 2024,2024,Water polo,0.072,0.07,0.075,0.203,0.178,0.044,0.093,0.028,0.072,0.026
Jan–Dec 2024,2024,Waterskiing/Wakeboarding,0.04,0.058,0.023,0.0,0.083,0.064,0.031,0.065,0.015,0.009
Jan–Dec 2024,2024,Weight lifting,0.312,0.298,0.32,0.344,0.516,0.616,0.468,0.151,0.105,0.065
Jan–Dec 2024,2024,Wheelchair rugby,0.01,0.011,0.009,0.0,0.022,0.014,0.016,0.0,0.014,0.0
Jan–Dec 2024,2024,Wood chopping,0.01,0.02,0.0,0.0,0.02,0.0,0.0,0.0,0.0,0.037
Jan–Dec 2024,2024,Wrestling,0.009,0.015,0.004,0.0,0.02,0.041,0.0,0.0,0.0,0.0
Jan–Dec 2024,2024,Yoga,2.736,0.768,4.673,1.431,1.577,3.47,3.248,3.484,3.013,1.847
Jul 2024–Jun 2025,2024/25,Adventure racing,0.096,0.134,0.057,0.183,0.128,0.203,0.139,0.085,0.011,0.0
Jul 2024–Jun 2025,2024/25,Air sports,0.223,0.263,0.17,0.363,0.436,0.446,0.278,0.047,0.109,0.047
Jul 2024–Jun 2025,2024/25,Archery,0.121,0.148,0.096,0.365,0.123,0.151,0.209,0.062,0.078,0.04
Jul 2024–Jun 2025,2024/25,"Athletics, track and field",0.78,1.098,0.481,3.541,2.196,1.089,0.63,0.293,0.229,0.021
Jul 2024–Jun 2025,2024/25,Australian football,1.842,2.832,0.876,4.706,4.163,3.51,1.926,1.014,0.463,0.017
Jul 2024–Jun 2025,2024/25,Badminton,0.795,0.95,0.653,4.07,1.735,1.217,0.629,0.276,0.187,0.149
Jul 2024–Jun 2025,2024/25,Baseball,0.256,0.384,0.134,0.983,0.365,0.369,0.316,0.245,0.064,0.031
Jul 2024–Jun 2025,2024/25,Basketball,2.369,3.347,1.428,10.466,5.743,3.361,2.357,1.313,0.281,0.168
Jul 2024–Jun 2025,2024/25,Baton twirling,0.017,0.014,0.02,0.0,0.021,0.046,0.0,0.032,0.0,0.007
Jul 2024–Jun 2025,2024/25,Biathlon,0.009,0.013,0.006,0.0,0.0,0.013,0.031,0.0,0.0,0.007
Jul 2024–Jun 2025,2024/25,Billiards/Snooker/Pool,0.089,0.145,0.036,0.0,0.129,0.185,0.133,0.018,0.081,0.024
Jul 2024–Jun 2025,2024/25,BMX,0.009,0.01,0.008,0.0,0.0,0.038,0.014,0.0,0.0,0.0
Jul 2024–Jun 2025,2024/25,Bobsledding,0.0,0.0,0.0,0.0,0.0,0.0,0.0,0.0,0.0,0.0
Jul 2024–Jun 2025,2024/25,Bocce/Boules,0.007,0.012,0.003,0.0,0.0,0.0,0.0,0.016,0.0,0.024
Jul 2024–Jun 2025,2024/25,Boccia,0.0,0.0,0.0,0.0,0.0,0.0,0.0,0.0,0.0,0.0
Jul 2024–Jun 2025,2024/25,Body building,0.016,0.024,0.009,0.0,0.043,0.051,0.0,0.015,0.0,0.0
Jul 2024–Jun 2025,2024/25,Boomerang throwing,0.007,0.014,0.0,0.0,0.02,0.012,0.0,0.017,0.0,0.0
Jul 2024–Jun 2025,2024/25,Bowls,0.835,1.103,0.585,0.141,0.118,0.267,0.209,0.307,1.046,2.593
Jul 2024–Jun 2025,2024/25,Boxing,0.616,0.662,0.565,0.863,1.286,1.187,0.688,0.575,0.114,0.026
Jul 2024–Jun 2025,2024/25,Broomball,0.005,0.01,0.0,0.0,0.0,0.015,0.014,0.0,0.0,0.0
Jul 2024–Jun 2025,2024/25,Bush walking,2.148,1.875,2.429,2.473,2.394,2.438,2.124,1.889,2.246,1.843
Jul 2024–Jun 2025,2024/25,Calisthenics,0.058,0.05,0.067,0.0,0.088,0.1,0.084,0.058,0.044,0.007
Jul 2024–Jun 2025,2024/25,Campdrafting,0.015,0.009,0.021,0.0,0.0,0.035,0.03,0.015,0.0,0.008
Jul 2024–Jun 2025,2024/25,Canoeing/Kayaking,0.252,0.194,0.312,0.714,0.125,0.281,0.191,0.422,0.362,0.054
Jul 2024–Jun 2025,2024/25,Circus,0.039,0.021,0.058,0.208,0.021,0.086,0.072,0.0,0.0,0.0
Jul 2024–Jun 2025,2024/25,Cricket,1.625,2.895,0.409,4.282,3.12,2.495,1.874,1.422,0.6,0.149
Jul 2024–Jun 2025,2024/25,Croquet,0.062,0.059,0.065,0.183,0.0,0.012,0.014,0.0,0.093,0.173
Jul 2024–Jun 2025,2024/25,Crossfit,0.495,0.387,0.606,0.162,0.341,0.878,0.947,0.466,0.337,0.075
Jul 2024–Jun 2025,2024/25,Curling,0.005,0.009,0.0,0.0,0.022,0.0,0.013,0.0,0.0,0.0
Jul 2024–Jun 2025,2024/25,Cycling,1.028,1.264,0.793,0.549,1.054,1.175,0.941,1.083,1.657,0.609
Jul 2024–Jun 2025,2024/25,DanceSport,0.707,0.21,1.183,2.835,1.483,0.778,0.762,0.369,0.36,0.21
Jul 2024–Jun 2025,2024/25,Dancing (recreational),1.121,0.345,1.837,2.564,1.38,1.007,1.168,0.613,0.782,1.322
Jul 2024–Jun 2025,2024/25,Darts,0.062,0.083,0.038,0.156,0.024,0.03,0.113,0.032,0.066,0.067
Jul 2024–Jun 2025,2024/25,Diving,0.027,0.024,0.029,0.0,0.066,0.022,0.013,0.042,0.037,0.009
Jul 2024–Jun 2025,2024/25,Dodgeball,0.062,0.051,0.074,0.571,0.045,0.076,0.094,0.0,0.015,0.0
Jul 2024–Jun 2025,2024/25,Dragon boat racing,0.069,0.057,0.08,0.0,0.0,0.071,0.041,0.076,0.157,0.075
Jul 2024–Jun 2025,2024/25,Eight ball,0.012,0.013,0.012,0.0,0.022,0.045,0.0,0.0,0.0,0.008
Jul 2024–Jun 2025,2024/25,Equestrian,0.286,0.106,0.459,0.199,0.305,0.498,0.359,0.305,0.298,0.032
Jul 2024–Jun 2025,2024/25,eSports,0.098,0.131,0.067,0.173,0.205,0.155,0.198,0.026,0.016,0.0
Jul 2024–Jun 2025,2024/25,Fencing,0.052,0.061,0.043,0.365,0.066,0.048,0.044,0.05,0.0,0.022
Jul 2024–Jun 2025,2024/25,Fishing (recreational),0.127,0.2,0.059,0.0,0.107,0.15,0.012,0.256,0.152,0.132
Jul 2024–Jun 2025,2024/25,Fitness/Gym,12.695,9.595,15.767,9.049,12.741,14.79,12.917,11.733,11.957,12.632
Jul 2024–Jun 2025,2024/25,Floorball,0.009,0.014,0.005,0.0,0.023,0.026,0.013,0.0,0.0,0.0
Jul 2024–Jun 2025,2024/25,Flying disc,0.11,0.146,0.075,0.489,0.283,0.177,0.091,0.025,0.032,0.007
Jul 2024–Jun 2025,2024/25,Football/soccer,3.491,5.443,1.606,12.206,7.992,5.353,3.989,2.099,0.751,0.075
Jul 2024–Jun 2025,2024/25,Gaelic football,0.044,0.07,0.019,0.0,0.044,0.185,0.0,0.038,0.0,0.0
Jul 2024–Jun 2025,2024/25,Geocaching,0.012,0.02,0.005,0.0,0.048,0.0,0.014,0.0,0.032,0.0
Jul 2024–Jun 2025,2024/25,Goalball,0.017,0.031,0.003,0.169,0.015,0.028,0.017,0.0,0.0,0.0
Jul 2024–Jun 2025,2024/25,Golf,2.497,4.104,0.952,0.671,0.793,1.42,1.284,2.707,3.889,4.627
Jul 2024–Jun 2025,2024/25,Gridiron,0.032,0.044,0.021,0.0,0.108,0.071,0.044,0.0,0.0,0.0
Jul 2024–Jun 2025,2024/25,Guides,0.007,0.005,0.008,0.0,0.024,0.009,0.0,0.017,0.0,0.0
Jul 2024–Jun 2025,2024/25,Gymnastics,0.311,0.157,0.456,0.933,0.828,0.499,0.372,0.074,0.046,0.042
Jul 2024–Jun 2025,2024/25,Handball,0.071,0.076,0.067,0.544,0.132,0.095,0.064,0.03,0.0,0.0
Jul 2024–Jun 2025,2024/25,Harness racing,0.01,0.015,0.005,0.0,0.023,0.0,0.029,0.017,0.0,0.0
Jul 2024–Jun 2025,2024/25,Hockey,0.46,0.471,0.449,1.129,0.929,0.497,0.605,0.398,0.351,0.038
Jul 2024–Jun 2025,2024/25,Horse racing,0.03,0.021,0.039,0.179,0.0,0.054,0.061,0.014,0.0,0.0
Jul 2024–Jun 2025,2024/25,Ice hockey,0.052,0.072,0.033,0.357,0.09,0.026,0.075,0.029,0.031,0.0
Jul 2024–Jun 2025,2024/25,Ice racing/speed skating,0.005,0.005,0.004,0.0,0.023,0.0,0.0,0.014,0.0,0.0
Jul 2024–Jun 2025,2024/25,Ice skating,0.087,0.055,0.115,0.756,0.227,0.053,0.061,0.018,0.043,0.0
Jul 2024–Jun 2025,2024/25,Jet skiing,0.03,0.034,0.027,0.0,0.022,0.081,0.026,0.047,0.014,0.0
Jul 2024–Jun 2025,2024/25,Judo,0.048,0.048,0.047,0.194,0.137,0.041,0.047,0.015,0.034,0.008
Jul 2024–Jun 2025,2024/25,Jujitsu,0.174,0.289,0.065,0.147,0.191,0.344,0.384,0.103,0.016,0.008
Jul 2024–Jun 2025,2024/25,Karate,0.166,0.159,0.165,0.0,0.397,0.086,0.239,0.219,0.184,0.039
Jul 2024–Jun 2025,2024/25,Kendo,0.015,0.026,0.005,0.0,0.022,0.027,0.032,0.017,0.0,0.0
Jul 2024–Jun 2025,2024/25,Kitesurfing/kiteboarding,0.004,0.008,0.0,0.0,0.0,0.0,0.0,0.0,0.029,0.0
Jul 2024–Jun 2025,2024/25,Korfball,0.003,0.0,0.005,0.0,0.0,0.014,0.0,0.0,0.0,0.0
Jul 2024–Jun 2025,2024/25,Kung fu wushu,0.007,0.01,0.004,0.0,0.02,0.0,0.015,0.016,0.0,0.0
Jul 2024–Jun 2025,2024/25,Lacrosse,0.03,0.018,0.041,0.373,0.019,0.0,0.015,0.042,0.016,0.0
Jul 2024–Jun 2025,2024/25,Lifesaving royal,0.0,0.0,0.0,0.0,0.0,0.0,0.0,0.0,0.0,0.0
Jul 2024–Jun 2025,2024/25,Lifesaving surf,0.114,0.19,0.037,0.197,0.224,0.089,0.117,0.116,0.111,0.059
Jul 2024–Jun 2025,2024/25,Luging,0.0,0.0,0.0,0.0,0.0,0.0,0.0,0.0,0.0,0.0
Jul 2024–Jun 2025,2024/25,Marching,0.003,0.0,0.006,0.0,0.0,0.0,0.0,0.019,0.0,0.0
Jul 2024–Jun 2025,2024/25,Martial arts,0.424,0.323,0.523,0.514,0.366,0.359,0.204,0.374,0.293,0.794
Jul 2024–Jun 2025,2024/25,Mixed martial arts,0.049,0.067,0.032,0.0,0.159,0.101,0.041,0.045,0.0,0.0
Jul 2024–Jun 2025,2024/25,Modern pentathlon,0.002,0.005,0.0,0.0,0.0,0.013,0.0,0.0,0.0,0.0
Jul 2024–Jun 2025,2024/25,Motor cycling,0.347,0.515,0.183,0.393,0.576,0.584,0.337,0.229,0.321,0.124
Jul 2024–Jun 2025,2024/25,Motor sport,0.167,0.266,0.069,0.15,0.279,0.277,0.176,0.162,0.162,0.016
Jul 2024–Jun 2025,2024/25,Mountain biking,0.1,0.134,0.069,0.184,0.108,0.093,0.126,0.16,0.109,0.016
Jul 2024–Jun 2025,2024/25,Mountain climbing,0.038,0.039,0.038,0.0,0.037,0.082,0.083,0.014,0.0,0.015
Jul 2024–Jun 2025,2024/25,Muay Thai,0.121,0.126,0.117,0.211,0.352,0.279,0.094,0.033,0.0,0.009
Jul 2024–Jun 2025,2024/25,Netball,1.853,0.483,3.2,7.247,4.985,3.172,1.511,0.839,0.196,0.029
Jul 2024–Jun 2025,2024/25,Obstacle,0.03,0.028,0.033,0.208,0.0,0.046,0.062,0.014,0.0,0.0
Jul 2024–Jun 2025,2024/25,Orienteering,0.04,0.038,0.038,0.208,0.022,0.022,0.015,0.093,0.037,0.012
Jul 2024–Jun 2025,2024/25,Outrigger canoe,0.035,0.049,0.021,0.0,0.0,0.0,0.067,0.065,0.067,0.022
Jul 2024–Jun 2025,2024/25,Oztag,0.24,0.286,0.198,1.12,0.642,0.475,0.161,0.018,0.017,0.008
Jul 2024–Jun 2025,2024/25,Paddle sports,0.071,0.075,0.067,0.0,0.066,0.075,0.102,0.061,0.104,0.044
Jul 2024–Jun 2025,2024/25,Paintball,0.024,0.034,0.014,0.0,0.026,0.026,0.014,0.046,0.049,0.0
Jul 2024–Jun 2025,2024/25,Parkour,0.002,0.004,0.0,0.0,0.0,0.012,0.0,0.0,0.0,0.0
Jul 2024–Jun 2025,2024/25,Petanque,0.003,0.003,0.003,0.0,0.0,0.0,0.0,0.0,0.0,0.015
Jul 2024–Jun 2025,2024/25,Physical Culture,0.035,0.012,0.059,0.0,0.083,0.011,0.054,0.031,0.028,0.033
Jul 2024–Jun 2025,2024/25,Pickleball/padel,0.614,0.587,0.643,0.659,0.432,0.483,0.524,0.683,0.982,0.597
Jul 2024–Jun 2025,2024/25,Pilates,4.921,0.899,8.856,1.949,5.674,7.789,5.903,4.317,4.425,2.654
Jul 2024–Jun 2025,2024/25,Polo,0.0,0.0,0.0,0.0,0.0,0.0,0.0,0.0,0.0,0.0
Jul 2024–Jun 2025,2024/25,Polocrosse,0.004,0.005,0.004,0.0,0.0,0.0,0.026,0.0,0.0,0.0
Jul 2024–Jun 2025,2024/25,Pony Club,0.021,0.013,0.03,0.0,0.019,0.034,0.025,0.033,0.0,0.018
Jul 2024–Jun 2025,2024/25,Powerlifting,0.04,0.044,0.037,0.0,0.087,0.077,0.055,0.048,0.0,0.0
Jul 2024–Jun 2025,2024/25,Ready Steady Go Kids,0.01,0.011,0.009,0.0,0.021,0.017,0.028,0.0,0.0,0.0
Jul 2024–Jun 2025,2024/25,Rock climbing/Abseiling/Caving,0.143,0.149,0.139,0.705,0.252,0.226,0.132,0.057,0.031,0.04
Jul 2024–Jun 2025,2024/25,Rodeo,0.0,0.0,0.0,0.0,0.0,0.0,0.0,0.0,0.0,0.0
Jul 2024–Jun 2025,2024/25,Rogaining,0.014,0.012,0.017,0.0,0.0,0.009,0.017,0.03,0.026,0.008
Jul 2024–Jun 2025,2024/25,Roller Derby,0.011,0.014,0.005,0.0,0.0,0.013,0.045,0.0,0.011,0.0
Jul 2024–Jun 2025,2024/25,Rope skipping,0.033,0.027,0.039,0.177,0.042,0.04,0.078,0.0,0.0,0.0
Jul 2024–Jun 2025,2024/25,Rowing,0.179,0.22,0.141,0.715,0.204,0.141,0.094,0.148,0.267,0.119
Jul 2024–Jun 2025,2024/25,Rugby league,0.516,0.821,0.226,1.989,1.046,1.021,0.432,0.275,0.083,0.016
Jul 2024–Jun 2025,2024/25,Rugby union,0.302,0.497,0.116,1.033,0.839,0.523,0.21,0.126,0.089,0.017
Jul 2024–Jun 2025,2024/25,Running/jogging,4.824,5.331,4.363,8.261,7.327,8.419,6.259,4.33,2.361,0.498
Jul 2024–Jun 2025,2024/25,Sailing,0.174,0.265,0.088,0.156,0.099,0.08,0.156,0.176,0.358,0.192
Jul 2024–Jun 2025,2024/25,Scootering,0.012,0.016,0.009,0.0,0.022,0.029,0.028,0.0,0.0,0.0
Jul 2024–Jun 2025,2024/25,Scouts,0.011,0.018,0.004,0.142,0.046,0.0,0.0,0.0,0.0,0.0
Jul 2024–Jun 2025,2024/25,Sepak takraw,0.003,0.005,0.0,0.0,0.024,0.0,0.0,0.0,0.0,0.0
Jul 2024–Jun 2025,2024/25,Shooting/field,0.102,0.185,0.023,0.0,0.079,0.037,0.172,0.13,0.065,0.141
Jul 2024–Jun 2025,2024/25,Shooting/range,0.111,0.2,0.026,0.0,0.079,0.095,0.159,0.156,0.065,0.125
Jul 2024–Jun 2025,2024/25,Skate,0.082,0.065,0.1,0.0,0.161,0.141,0.142,0.058,0.047,0.0
Jul 2024–Jun 2025,2024/25,Skeleton,0.0,0.0,0.0,0.0,0.0,0.0,0.0,0.0,0.0,0.0
Jul 2024–Jun 2025,2024/25,Ski & snowboard,0.168,0.202,0.136,0.354,0.171,0.148,0.203,0.192,0.192,0.081
Jul 2024–Jun 2025,2024/25,Skirmish,0.003,0.007,0.0,0.0,0.0,0.0,0.02,0.0,0.0,0.0
Jul 2024–Jun 2025,2024/25,Softball,0.144,0.104,0.185,0.351,0.271,0.151,0.192,0.186,0.081,0.0
Jul 2024–Jun 2025,2024/25,Sport climbing,0.149,0.18,0.11,0.217,0.398,0.373,0.097,0.026,0.058,0.0
Jul 2024–Jun 2025,2024/25,Squash,0.171,0.284,0.063,0.483,0.134,0.203,0.145,0.213,0.17,0.087
Jul 2024–Jun 2025,2024/25,Surfing,0.173,0.151,0.197,0.182,0.237,0.322,0.212,0.113,0.089,0.077
Jul 2024–Jun 2025,2024/25,Swimming,2.76,2.562,2.959,6.522,3.638,3.789,3.294,2.232,1.772,1.205
Jul 2024–Jun 2025,2024/25,Sword fighting,0.009,0.005,0.014,0.0,0.046,0.023,0.0,0.0,0.0,0.0
Jul 2024–Jun 2025,2024/25,Synchronised swimming,0.043,0.051,0.035,0.0,0.104,0.082,0.063,0.039,0.0,0.0
Jul 2024–Jun 2025,2024/25,Table tennis,0.572,0.826,0.333,1.406,1.096,0.568,0.511,0.334,0.321,0.509
Jul 2024–Jun 2025,2024/25,Taekwondo/Taekwon-do,0.099,0.115,0.085,0.561,0.207,0.047,0.104,0.096,0.07,0.008
Jul 2024–Jun 2025,2024/25,Tee ball,0.016,0.028,0.004,0.0,0.068,0.039,0.0,0.01,0.0,0.0
Jul 2024–Jun 2025,2024/25,Tennis,2.08,2.395,1.788,6.04,2.682,2.152,2.016,2.084,1.472,1.309
Jul 2024–Jun 2025,2024/25,Tenpin bowling,0.201,0.252,0.154,0.364,0.161,0.235,0.221,0.153,0.167,0.2
Jul 2024–Jun 2025,2024/25,Tobogganing,0.0,0.0,0.0,0.0,0.0,0.0,0.0,0.0,0.0,0.0
Jul 2024–Jun 2025,2024/25,Touch football,0.557,0.693,0.431,1.561,1.197,1.119,0.461,0.365,0.149,0.008
Jul 2024–Jun 2025,2024/25,Triathlon,0.097,0.133,0.062,0.0,0.088,0.15,0.141,0.166,0.082,0.0
Jul 2024–Jun 2025,2024/25,Underwater sports,0.353,0.346,0.359,0.182,0.326,0.493,0.373,0.435,0.385,0.19
Jul 2024–Jun 2025,2024/25,Virtual based physical activity,0.158,0.209,0.105,0.907,0.35,0.162,0.171,0.098,0.016,0.018
Jul 2024–Jun 2025,2024/25,Volleyball (indoor and outdoor),0.867,0.995,0.744,6.969,2.191,1.042,0.442,0.201,0.107,0.046
Jul 2024–Jun 2025,2024/25,Walking (Recreational),4.294,3.193,5.382,4.352,3.701,4.365,4.04,4.6,4.856,4.154
Jul 2024–Jun 2025,2024/25,Water polo,0.084,0.129,0.042,0.199,0.185,0.115,0.06,0.083,0.046,0.025
Jul 2024–Jun 2025,2024/25,Waterskiing/Wakeboarding,0.041,0.06,0.023,0.0,0.062,0.05,0.056,0.052,0.033,0.017
Jul 2024–Jun 2025,2024/25,Weight lifting,0.323,0.302,0.338,0.0,0.507,0.684,0.495,0.141,0.17,0.077
Jul 2024–Jun 2025,2024/25,Wheelchair rugby,0.007,0.005,0.008,0.0,0.022,0.013,0.0,0.0,0.014,0.0
Jul 2024–Jun 2025,2024/25,Wood chopping,0.002,0.004,0.0,0.0,0.02,0.0,0.0,0.0,0.0,0.0
Jul 2024–Jun 2025,2024/25,Wrestling,0.031,0.049,0.013,0.0,0.069,0.083,0.027,0.023,0.0,0.0
Jul 2024–Jun 2025,2024/25,Yoga,2.819,0.741,4.861,1.212,1.381,3.618,3.553,3.261,3.096,2.129
Jan–Dec 2025,2025,Adventure racing,0.05,0.054,0.041,0.0,0.145,0.061,0.083,0.047,0.0,0.007
Jan–Dec 2025,2025,Air sports,0.137,0.172,0.104,0.151,0.285,0.253,0.145,0.085,0.057,0.04
Jan–Dec 2025,2025,Archery,0.094,0.131,0.058,0.118,0.021,0.113,0.212,0.111,0.05,0.029
Jan–Dec 2025,2025,"Athletics, track and field",0.765,0.955,0.588,3.685,1.803,1.289,0.568,0.325,0.112,0.051
Jan–Dec 2025,2025,Australian football,1.72,2.675,0.802,4.706,3.974,3.526,1.406,0.967,0.358,0.04
Jan–Dec 2025,2025,Badminton,0.798,0.983,0.619,4.699,1.714,1.083,0.648,0.328,0.175,0.106
Jan–Dec 2025,2025,Baseball,0.206,0.333,0.084,0.337,0.398,0.281,0.243,0.3,0.055,0.015
Jan–Dec 2025,2025,Basketball,2.301,3.367,1.269,10.629,5.618,3.016,2.307,1.286,0.423,0.126
Jan–Dec 2025,2025,Baton twirling,0.012,0.015,0.008,0.0,0.021,0.024,0.0,0.035,0.0,0.0
Jan–Dec 2025,2025,Biathlon,0.006,0.012,0.0,0.0,0.027,0.0,0.017,0.0,0.0,0.0
Jan–Dec 2025,2025,Billiards/Snooker/Pool,0.058,0.096,0.022,0.0,0.083,0.158,0.043,0.033,0.047,0.008
Jan–Dec 2025,2025,BMX,0.016,0.012,0.019,0.0,0.0,0.01,0.031,0.057,0.0,0.0
Jan–Dec 2025,2025,Bobsledding,0.002,0.0,0.004,0.0,0.0,0.0,0.0,0.013,0.0,0.0
Jan–Dec 2025,2025,Bocce/Boules,0.002,0.0,0.003,0.0,0.0,0.0,0.0,0.0,0.0,0.008
Jan–Dec 2025,2025,Boccia,0.0,0.0,0.0,0.0,0.0,0.0,0.0,0.0,0.0,0.0
Jan–Dec 2025,2025,Body building,0.027,0.048,0.008,0.0,0.07,0.092,0.018,0.0,0.0,0.0
Jan–Dec 2025,2025,Boomerang throwing,0.003,0.005,0.0,0.0,0.0,0.014,0.0,0.0,0.0,0.0
Jan–Dec 2025,2025,Bowls,0.711,0.946,0.489,0.147,0.07,0.24,0.185,0.349,0.888,2.133
Jan–Dec 2025,2025,Boxing,0.606,0.659,0.556,0.67,1.211,1.233,0.661,0.488,0.195,0.045
Jan–Dec 2025,2025,Broomball,0.002,0.0,0.005,0.0,0.0,0.0,0.014,0.0,0.0,0.0
Jan–Dec 2025,2025,Bush walking,2.241,2.0,2.471,2.745,2.855,2.594,2.311,1.705,2.699,1.533
Jan–Dec 2025,2025,Calisthenics,0.055,0.029,0.08,0.0,0.142,0.05,0.098,0.057,0.028,0.007
Jan–Dec 2025,2025,Campdrafting,0.009,0.0,0.017,0.0,0.028,0.022,0.0,0.0,0.0,0.008
Jan–Dec 2025,2025,Canoeing/Kayaking,0.253,0.205,0.302,0.35,0.176,0.343,0.271,0.267,0.391,0.081
Jan–Dec 2025,2025,Circus,0.032,0.01,0.053,0.206,0.049,0.082,0.014,0.0,0.0,0.0
Jan–Dec 2025,2025,Cricket,1.599,2.793,0.452,4.923,2.89,2.382,1.588,1.513,0.746,0.175
Jan–Dec 2025,2025,Croquet,0.078,0.055,0.102,0.0,0.0,0.0,0.0,0.0,0.044,0.344
Jan–Dec 2025,2025,Crossfit/Functional fitness,0.54,0.452,0.625,0.159,0.423,1.088,0.938,0.528,0.247,0.086
Jan–Dec 2025,2025,Curling,0.01,0.011,0.009,0.0,0.0,0.0,0.057,0.0,0.0,0.0
Jan–Dec 2025,2025,Cycling,0.978,1.25,0.719,0.653,0.91,1.018,0.797,1.293,1.62,0.556
Jan–Dec 2025,2025,DanceSport,0.71,0.213,1.178,2.242,1.52,0.763,0.655,0.446,0.494,0.288
Jan–Dec 2025,2025,Dancing (recreational),1.083,0.335,1.791,1.915,1.548,1.243,1.103,0.646,0.595,1.133
Jan–Dec 2025,2025,Darts,0.059,0.072,0.048,0.0,0.024,0.031,0.07,0.067,0.101,0.074
Jan–Dec 2025,2025,Diving,0.026,0.025,0.026,0.0,0.1,0.021,0.013,0.0,0.037,0.017
Jan–Dec 2025,2025,Dodgeball,0.07,0.062,0.078,0.492,0.121,0.137,0.06,0.0,0.0,0.0
Jan–Dec 2025,2025,Dragon boat racing,0.07,0.058,0.082,0.0,0.033,0.036,0.069,0.083,0.149,0.073
Jan–Dec 2025,2025,Eight ball,0.017,0.016,0.017,0.0,0.06,0.032,0.0,0.0,0.021,0.008
Jan–Dec 2025,2025,Equestrian,0.252,0.11,0.392,0.429,0.364,0.337,0.235,0.257,0.36,0.024
Jan–Dec 2025,2025,eSports,0.062,0.082,0.043,0.0,0.192,0.135,0.057,0.047,0.0,0.0
Jan–Dec 2025,2025,Fencing,0.036,0.038,0.035,0.145,0.089,0.05,0.0,0.051,0.0,0.016
Jan–Dec 2025,2025,Fishing (recreational),0.127,0.207,0.051,0.0,0.066,0.172,0.059,0.295,0.144,0.074
Jan–Dec 2025,2025,Fitness/Gym,13.499,10.423,16.505,9.921,13.239,15.421,14.147,12.804,13.151,12.933
Jan–Dec 2025,2025,Floorball,0.028,0.028,0.029,0.165,0.053,0.045,0.041,0.0,0.0,0.0
Jan–Dec 2025,2025,Flying disc,0.11,0.153,0.07,0.532,0.385,0.153,0.045,0.032,0.032,0.0
Jan–Dec 2025,2025,Football/soccer,3.618,5.637,1.666,11.989,7.957,5.901,4.342,2.023,0.641,0.098
Jan–Dec 2025,2025,Gaelic football,0.06,0.095,0.028,0.0,0.106,0.212,0.03,0.038,0.0,0.0
Jan–Dec 2025,2025,Geocaching,0.016,0.016,0.012,0.0,0.0,0.015,0.043,0.0,0.017,0.017
Jan–Dec 2025,2025,Goalball,0.01,0.021,0.0,0.167,0.0,0.0,0.016,0.0,0.0,0.0
Jan–Dec 2025,2025,Golf,2.257,3.706,0.869,0.894,0.778,1.326,1.327,2.393,3.677,3.851
Jan–Dec 2025,2025,Gridiron,0.019,0.031,0.007,0.0,0.042,0.045,0.017,0.021,0.0,0.0
Jan–Dec 2025,2025,Guides,0.004,0.0,0.008,0.0,0.0,0.009,0.015,0.0,0.0,0.0
Jan–Dec 2025,2025,Gymnastics,0.328,0.165,0.486,1.278,0.804,0.528,0.389,0.066,0.063,0.017
Jan–Dec 2025,2025,Handball,0.051,0.033,0.07,0.529,0.075,0.097,0.013,0.0,0.0,0.0
Jan–Dec 2025,2025,Harness racing,0.007,0.015,0.0,0.0,0.023,0.0,0.014,0.017,0.0,0.0
Jan–Dec 2025,2025,Hockey,0.484,0.473,0.501,1.629,0.94,0.53,0.606,0.416,0.253,0.065
Jan–Dec 2025,2025,Horse racing,0.023,0.034,0.012,0.0,0.035,0.053,0.013,0.049,0.0,0.0
Jan–Dec 2025,2025,Ice hockey,0.05,0.074,0.028,0.209,0.094,0.041,0.095,0.047,0.0,0.0
Jan–Dec 2025,2025,Ice racing/speed skating,0.004,0.005,0.004,0.0,0.023,0.0,0.0,0.014,0.0,0.0
Jan–Dec 2025,2025,Ice skating,0.12,0.05,0.179,1.316,0.189,0.112,0.062,0.018,0.054,0.0
Jan–Dec 2025,2025,Jet skiing,0.027,0.039,0.015,0.0,0.052,0.043,0.029,0.032,0.025,0.0
Jan–Dec 2025,2025,Judo,0.058,0.039,0.077,0.494,0.084,0.074,0.031,0.028,0.018,0.008
Jan–Dec 2025,2025,Jujitsu,0.161,0.269,0.058,0.377,0.201,0.284,0.334,0.088,0.0,0.007
Jan–Dec 2025,2025,Karate,0.168,0.204,0.134,0.299,0.408,0.097,0.255,0.109,0.149,0.057
Jan–Dec 2025,2025,Kendo,0.03,0.047,0.014,0.125,0.054,0.038,0.027,0.033,0.014,0.0
Jan–Dec 2025,2025,Kitesurfing/kiteboarding,0.002,0.003,0.0,0.0,0.0,0.0,0.0,0.0,0.011,0.0
Jan–Dec 2025,2025,Korfball,0.003,0.0,0.005,0.0,0.0,0.014,0.0,0.0,0.0,0.0
Jan–Dec 2025,2025,Kung fu wushu,0.007,0.005,0.01,0.0,0.02,0.0,0.0,0.035,0.0,0.0
Jan–Dec 2025,2025,Lacrosse,0.028,0.02,0.036,0.206,0.051,0.023,0.015,0.028,0.016,0.0
Jan–Dec 2025,2025,Lifesaving royal,0.003,0.005,0.0,0.0,0.023,0.0,0.0,0.0,0.0,0.0
Jan–Dec 2025,2025,Lifesaving surf,0.11,0.162,0.061,0.293,0.105,0.071,0.153,0.112,0.151,0.044
Jan–Dec 2025,2025,Luging,0.0,0.0,0.0,0.0,0.0,0.0,0.0,0.0,0.0,0.0
Jan–Dec 2025,2025,Marching,0.009,0.01,0.009,0.0,0.0,0.015,0.0,0.019,0.029,0.0
Jan–Dec 2025,2025,Martial arts,0.44,0.361,0.521,0.516,0.465,0.462,0.178,0.377,0.27,0.762
Jan–Dec 2025,2025,Mixed martial arts,0.068,0.093,0.044,0.0,0.273,0.061,0.058,0.115,0.0,0.0
Jan–Dec 2025,2025,Modern pentathlon,0.0,0.0,0.0,0.0,0.0,0.0,0.0,0.0,0.0,0.0
Jan–Dec 2025,2025,Motor cycling,0.306,0.422,0.191,0.635,0.351,0.478,0.358,0.21,0.267,0.116
Jan–Dec 2025,2025,Motor sport,0.155,0.274,0.026,0.395,0.255,0.264,0.115,0.128,0.14,0.023
Jan–Dec 2025,2025,Mountain biking,0.089,0.152,0.028,0.164,0.048,0.102,0.127,0.152,0.063,0.023
Jan–Dec 2025,2025,Mountain climbing,0.025,0.035,0.016,0.082,0.0,0.048,0.066,0.0,0.0,0.007
Jan–Dec 2025,2025,Muay Thai,0.133,0.137,0.13,0.327,0.485,0.242,0.099,0.016,0.017,0.0
Jan–Dec 2025,2025,Netball,1.853,0.59,3.086,7.178,4.894,2.745,1.835,0.989,0.259,0.037
Jan–Dec 2025,2025,Obstacle,0.037,0.025,0.049,0.206,0.0,0.06,0.062,0.043,0.0,0.0
Jan–Dec 2025,2025,Orienteering,0.055,0.05,0.06,0.206,0.037,0.012,0.09,0.076,0.047,0.03
Jan–Dec 2025,2025,Outrigger canoe,0.025,0.028,0.021,0.0,0.0,0.0,0.045,0.05,0.036,0.022
Jan–Dec 2025,2025,Oztag,0.191,0.227,0.157,0.715,0.602,0.372,0.113,0.033,0.0,0.008
Jan–Dec 2025,2025,Paddle sports,0.068,0.072,0.064,0.0,0.028,0.091,0.072,0.059,0.13,0.045
Jan–Dec 2025,2025,Paintball,0.01,0.011,0.009,0.0,0.026,0.0,0.015,0.015,0.017,0.0
Jan–Dec 2025,2025,Parkour,0.0,0.0,0.0,0.0,0.0,0.0,0.0,0.0,0.0,0.0
Jan–Dec 2025,2025,Petanque,0.003,0.0,0.006,0.0,0.0,0.0,0.0,0.0,0.0,0.016
Jan–Dec 2025,2025,Physical Culture,0.045,0.013,0.076,0.0,0.0,0.021,0.053,0.016,0.055,0.105
Jan–Dec 2025,2025,Pickleball/padel,0.679,0.645,0.714,0.539,0.55,0.56,0.63,0.843,1.066,0.552
Jan–Dec 2025,2025,Pilates,5.56,0.985,10.02,2.436,6.071,8.416,6.841,5.562,5.153,2.736
Jan–Dec 2025,2025,Polo,0.001,0.003,0.0,0.0,0.0,0.0,0.0,0.0,0.0,0.007
Jan–Dec 2025,2025,Polocrosse,0.004,0.005,0.004,0.0,0.0,0.0,0.026,0.0,0.0,0.0
Jan–Dec 2025,2025,Pony Club,0.032,0.01,0.049,0.0,0.084,0.046,0.057,0.0,0.018,0.009
Jan–Dec 2025,2025,Powerlifting,0.033,0.044,0.022,0.0,0.072,0.053,0.039,0.017,0.046,0.0
Jan–Dec 2025,2025,Ready Steady Go Kids,0.008,0.006,0.009,0.0,0.021,0.017,0.013,0.0,0.0,0.0
Jan–Dec 2025,2025,Rock climbing/Abseiling/Caving,0.157,0.173,0.142,0.987,0.291,0.201,0.138,0.092,0.039,0.008
Jan–Dec 2025,2025,Rodeo,0.003,0.0,0.005,0.0,0.024,0.0,0.0,0.0,0.0,0.0
Jan–Dec 2025,2025,Rogaining,0.017,0.023,0.012,0.0,0.015,0.009,0.0,0.045,0.03,0.015
Jan–Dec 2025,2025,Roller Derby,0.013,0.013,0.014,0.0,0.0,0.0,0.044,0.017,0.011,0.009
Jan–Dec 2025,2025,Rope skipping,0.019,0.014,0.024,0.0,0.048,0.037,0.042,0.0,0.0,0.0
Jan–Dec 2025,2025,Rowing,0.187,0.202,0.17,0.952,0.241,0.124,0.148,0.133,0.229,0.093
Jan–Dec 2025,2025,Rugby league,0.534,0.814,0.268,2.566,1.055,1.026,0.404,0.292,0.033,0.013
Jan–Dec 2025,2025,Rugby union,0.306,0.499,0.122,1.045,0.778,0.583,0.172,0.129,0.108,0.031
Jan–Dec 2025,2025,Running/jogging,4.923,5.365,4.532,8.628,7.388,8.382,6.125,4.765,2.523,0.586
Jan–Dec 2025,2025,Sailing,0.166,0.245,0.092,0.299,0.068,0.048,0.129,0.14,0.362,0.212
Jan–Dec 2025,2025,Scootering,0.008,0.011,0.005,0.0,0.0,0.031,0.013,0.0,0.0,0.0
Jan–Dec 2025,2025,Scouts,0.019,0.034,0.006,0.251,0.052,0.0,0.015,0.0,0.0,0.0
Jan–Dec 2025,2025,Sepak takraw,0.003,0.005,0.0,0.0,0.024,0.0,0.0,0.0,0.0,0.0
Jan–Dec 2025,2025,Shooting/field,0.107,0.196,0.021,0.0,0.02,0.17,0.111,0.181,0.062,0.094
Jan–Dec 2025,2025,Shooting/range,0.112,0.186,0.041,0.0,0.058,0.133,0.171,0.141,0.079,0.099
Jan–Dec 2025,2025,Skate,0.077,0.092,0.064,0.0,0.169,0.106,0.113,0.124,0.015,0.0
Jan–Dec 2025,2025,Skeleton,0.0,0.0,0.0,0.0,0.0,0.0,0.0,0.0,0.0,0.0
Jan–Dec 2025,2025,Ski & snowboard,0.14,0.183,0.1,0.269,0.096,0.072,0.183,0.192,0.198,0.086
Jan–Dec 2025,2025,Skirmish,0.0,0.0,0.0,0.0,0.0,0.0,0.0,0.0,0.0,0.0
Jan–Dec 2025,2025,Softball,0.132,0.111,0.149,0.307,0.238,0.169,0.146,0.106,0.153,0.0
Jan–Dec 2025,2025,Sport climbing,0.165,0.226,0.096,0.366,0.43,0.349,0.19,0.0,0.043,0.0
Jan–Dec 2025,2025,Squash,0.153,0.246,0.065,0.158,0.08,0.197,0.11,0.245,0.261,0.054
Jan–Dec 2025,2025,Surfing,0.196,0.182,0.212,0.0,0.273,0.358,0.308,0.183,0.041,0.077
Jan–Dec 2025,2025,Swimming,2.672,2.515,2.827,5.783,3.516,3.487,3.238,2.377,1.657,1.28
Jan–Dec 2025,2025,Sword fighting,0.014,0.011,0.014,0.0,0.074,0.034,0.0,0.0,0.0,0.0
Jan–Dec 2025,2025,Synchronised swimming,0.034,0.041,0.028,0.0,0.048,0.081,0.047,0.043,0.0,0.0
Jan–Dec 2025,2025,Table tennis,0.593,0.91,0.291,1.715,1.143,0.718,0.603,0.435,0.277,0.27
Jan–Dec 2025,2025,Taekwondo/Taekwon-do,0.105,0.126,0.085,0.882,0.165,0.079,0.043,0.101,0.053,0.016
Jan–Dec 2025,2025,Tee ball,0.008,0.013,0.004,0.0,0.056,0.011,0.0,0.0,0.0,0.0
Jan–Dec 2025,2025,Tennis,1.95,2.253,1.675,6.122,2.631,2.27,1.813,2.06,1.256,0.925
Jan–Dec 2025,2025,Tenpin bowling,0.244,0.27,0.222,0.506,0.285,0.172,0.275,0.244,0.267,0.19
Jan–Dec 2025,2025,Tobogganing,0.0,0.0,0.0,0.0,0.0,0.0,0.0,0.0,0.0,0.0
Jan–Dec 2025,2025,Touch football,0.538,0.666,0.419,1.797,1.155,0.915,0.45,0.411,0.151,0.041
Jan–Dec 2025,2025,Triathlon,0.12,0.156,0.085,0.128,0.114,0.176,0.188,0.212,0.034,0.008
Jan–Dec 2025,2025,Underwater sports,0.372,0.392,0.356,0.521,0.305,0.493,0.518,0.308,0.431,0.158
Jan–Dec 2025,2025,Virtual based physical activity,0.163,0.204,0.125,0.718,0.318,0.213,0.194,0.095,0.012,0.043
Jan–Dec 2025,2025,Volleyball (indoor and outdoor),0.871,1.021,0.724,6.832,2.121,1.068,0.48,0.236,0.09,0.06
Jan–Dec 2025,2025,Walking (Recreational),4.212,3.068,5.299,3.117,4.062,4.395,3.852,4.421,5.061,3.959
Jan–Dec 2025,2025,Water polo,0.079,0.112,0.047,0.462,0.135,0.115,0.031,0.084,0.036,0.0
Jan–Dec 2025,2025,Waterskiing/Wakeboarding,0.02,0.027,0.014,0.0,0.0,0.025,0.043,0.016,0.018,0.016
Jan–Dec 2025,2025,Weight lifting,0.218,0.205,0.228,0.0,0.313,0.473,0.25,0.129,0.184,0.054
Jan–Dec 2025,2025,Wheelchair rugby,0.002,0.0,0.005,0.0,0.0,0.0,0.013,0.0,0.0,0.0
Jan–Dec 2025,2025,Wood chopping,0.002,0.004,0.0,0.0,0.02,0.0,0.0,0.0,0.0,0.0
Jan–Dec 2025,2025,Wrestling,0.033,0.048,0.018,0.0,0.091,0.081,0.027,0.023,0.0,0.0
Jan–Dec 2025,2025,Yoga,2.907,0.818,4.956,0.686,1.629,3.699,3.509,3.365,3.581,2.115
