activity,age_group,pct,total_pct,rank
Walking (Recreational),15-17,30.348,50.204,1
Walking (Recreational),18-24,34.194,50.204,1
Walking (Recreational),25-34,41.86,50.204,1
Walking (Recreational),35-44,47.548,50.204,1
Walking (Recreational),45-54,58.668,50.204,1
Walking (Recreational),55-64,66.032,50.204,1
Walking (Recreational),65+,55.822,50.204,1
Fitness/Gym,15-17,37.322,34.102,2
Fitness/Gym,18-24,43.441,34.102,2
Fitness/Gym,25-34,42.064,34.102,2
Fitness/Gym,35-44,36.393,34.102,2
Fitness/Gym,45-54,32.926,34.102,2
Fitness/Gym,55-64,29.525,34.102,2
Fitness/Gym,65+,23.683,34.102,2
Bush walking,15-17,14.605,17.468,3
Bush walking,18-24,17.332,17.468,3
Bush walking,25-34,20.301,17.468,3
Bush walking,35-44,21.448,17.468,3
Bush walking,45-54,19.691,17.468,3
Bush walking,55-64,19.549,17.468,3
Bush walking,65+,9.568,17.468,3
Running/jogging,15-17,26.574,16.525,4
Running/jogging,18-24,26.653,16.525,4
Running/jogging,25-34,27.663,16.525,4
Running/jogging,35-44,20.854,16.525,4
Running/jogging,45-54,15.772,16.525,4
Running/jogging,55-64,8.462,16.525,4
Running/jogging,65+,1.838,16.525,4
Swimming,15-17,17.616,15.39,5
Swimming,18-24,16.339,15.39,5
Swimming,25-34,16.584,15.39,5
Swimming,35-44,18.312,15.39,5
Swimming,45-54,16.664,15.39,5
Swimming,55-64,15.991,15.39,5
Swimming,65+,9.735,15.39,5
Cycling,15-17,6.657,8.294,6
Cycling,18-24,5.59,8.294,6
Cycling,25-34,7.121,8.294,6
Cycling,35-44,9.259,8.294,6
Cycling,45-54,11.588,8.294,6
Cycling,55-64,11.952,8.294,6
Cycling,65+,5.576,8.294,6
Pilates,15-17,3.749,7.181,7
Pilates,18-24,8.757,7.181,7
Pilates,25-34,11.019,7.181,7
Pilates,35-44,8.713,7.181,7
Pilates,45-54,7.13,7.181,7
Pilates,55-64,6.259,7.181,7
Pilates,65+,3.191,7.181,7
Football/soccer,15-17,17.015,5.624,8
Football/soccer,18-24,12.326,5.624,8
Football/soccer,25-34,9.355,5.624,8
Football/soccer,35-44,6.942,5.624,8
Football/soccer,45-54,3.278,5.624,8
Football/soccer,55-64,0.955,5.624,8
Football/soccer,65+,0.136,5.624,8
Yoga,15-17,2.598,5.072,9
Yoga,18-24,3.606,5.072,9
Yoga,25-34,6.426,5.072,9
Yoga,35-44,6.284,5.072,9
Yoga,45-54,6.106,5.072,9
Yoga,55-64,5.569,5.072,9
Yoga,65+,3.165,5.072,9
Tennis,15-17,9.45,4.941,10
Tennis,18-24,7.484,4.941,10
Tennis,25-34,6.476,4.941,10
Tennis,35-44,5.281,4.941,10
Tennis,45-54,5.269,4.941,10
Tennis,55-64,3.289,4.941,10
Tennis,65+,1.915,4.941,10
Golf,15-17,2.375,4.563,11
Golf,18-24,2.76,4.563,11
Golf,25-34,3.539,4.563,11
Golf,35-44,3.403,4.563,11
Golf,45-54,4.833,4.563,11
Golf,55-64,6.889,4.563,11
Golf,65+,6.087,4.563,11
Basketball,15-17,17.279,4.526,12
Basketball,18-24,11.687,4.526,12
Basketball,25-34,6.163,4.526,12
Basketball,35-44,4.837,4.526,12
Basketball,45-54,2.617,4.526,12
Basketball,55-64,0.784,4.526,12
Basketball,65+,0.21,4.526,12
Cricket,15-17,8.431,2.492,13
Cricket,18-24,4.83,2.492,13
Cricket,25-34,3.543,2.492,13
Cricket,35-44,2.674,2.492,13
Cricket,45-54,1.969,2.492,13
Cricket,55-64,0.991,2.492,13
Cricket,65+,0.309,2.492,13
Australian football,15-17,6.035,2.417,14
Australian football,18-24,6.006,2.417,14
Australian football,25-34,4.751,2.417,14
Australian football,35-44,2.073,2.417,14
Australian football,45-54,1.381,2.417,14
Australian football,55-64,0.447,2.417,14
Australian football,65+,0.075,2.417,14
Netball,15-17,8.141,2.107,15
Netball,18-24,5.525,2.107,15
Netball,25-34,3.062,2.107,15
Netball,35-44,2.13,2.107,15
Netball,45-54,1.156,2.107,15
Netball,55-64,0.307,2.107,15
Netball,65+,0.052,2.107,15
Badminton,15-17,9.07,1.886,16
Badminton,18-24,4.186,1.886,16
Badminton,25-34,2.968,1.886,16
Badminton,35-44,1.727,1.886,16
Badminton,45-54,0.815,1.886,16
Badminton,55-64,0.307,1.886,16
Badminton,65+,0.149,1.886,16
Table tennis,15-17,6.543,1.79,17
Table tennis,18-24,3.295,1.79,17
Table tennis,25-34,2.298,1.79,17
Table tennis,35-44,1.613,1.79,17
Table tennis,45-54,1.44,1.79,17
Table tennis,55-64,0.94,1.79,17
Table tennis,65+,0.508,1.79,17
Dancing (recreational),15-17,2.626,1.629,18
Dancing (recreational),18-24,2.418,1.629,18
Dancing (recreational),25-34,1.894,1.629,18
Dancing (recreational),35-44,1.703,1.629,18
Dancing (recreational),45-54,1.229,1.629,18
Dancing (recreational),55-64,1.136,1.629,18
Dancing (recreational),65+,1.321,1.629,18
Surfing,15-17,2.218,1.385,19
Surfing,18-24,1.269,1.385,19
Surfing,25-34,1.566,1.385,19
Surfing,35-44,1.818,1.385,19
Surfing,45-54,1.768,1.385,19
Surfing,55-64,1.353,1.385,19
Surfing,65+,0.511,1.385,19
"Athletics, track and field",15-17,5.753,1.318,20
"Athletics, track and field",18-24,2.925,1.318,20
"Athletics, track and field",25-34,2.133,1.318,20
"Athletics, track and field",35-44,1.076,1.318,20
"Athletics, track and field",45-54,0.598,1.318,20
"Athletics, track and field",55-64,0.316,1.318,20
"Athletics, track and field",65+,0.198,1.318,20
Pickleball/padel,15-17,0.904,1.314,21
Pickleball/padel,18-24,1.422,1.314,21
Pickleball/padel,25-34,1.547,1.314,21
Pickleball/padel,35-44,1.367,1.314,21
Pickleball/padel,45-54,1.528,1.314,21
Pickleball/padel,55-64,1.673,1.314,21
Pickleball/padel,65+,0.717,1.314,21
Volleyball (indoor and outdoor),15-17,10.113,1.307,22
Volleyball (indoor and outdoor),18-24,3.406,1.307,22
Volleyball (indoor and outdoor),25-34,1.582,1.307,22
Volleyball (indoor and outdoor),35-44,0.677,1.307,22
Volleyball (indoor and outdoor),45-54,0.35,1.307,22
Volleyball (indoor and outdoor),55-64,0.136,1.307,22
Volleyball (indoor and outdoor),65+,0.06,1.307,22
DanceSport,15-17,3.709,1.123,23
DanceSport,18-24,2.579,1.123,23
DanceSport,25-34,1.262,1.123,23
DanceSport,35-44,1.05,1.123,23
DanceSport,45-54,0.701,1.123,23
DanceSport,55-64,0.656,1.123,23
DanceSport,65+,0.356,1.123,23
Fishing (recreational),15-17,1.074,1.07,24
Fishing (recreational),18-24,0.664,1.07,24
Fishing (recreational),25-34,0.927,1.07,24
Fishing (recreational),35-44,0.964,1.07,24
Fishing (recreational),45-54,1.439,1.07,24
Fishing (recreational),55-64,1.553,1.07,24
Fishing (recreational),65+,0.918,1.07,24
Canoeing/Kayaking,15-17,0.664,0.997,25
Canoeing/Kayaking,18-24,0.638,0.997,25
Canoeing/Kayaking,25-34,0.972,0.997,25
Canoeing/Kayaking,35-44,1.127,0.997,25
Canoeing/Kayaking,45-54,1.254,0.997,25
Canoeing/Kayaking,55-64,1.476,0.997,25
Canoeing/Kayaking,65+,0.676,0.997,25
Weight lifting,15-17,0.77,0.982,26
Weight lifting,18-24,1.566,0.982,26
Weight lifting,25-34,1.6,0.982,26
Weight lifting,35-44,1.094,0.982,26
Weight lifting,45-54,0.857,0.982,26
Weight lifting,55-64,0.691,0.982,26
Weight lifting,65+,0.382,0.982,26
Virtual based physical activity,15-17,3.748,0.95,27
Virtual based physical activity,18-24,1.745,0.95,27
Virtual based physical activity,25-34,1.427,0.95,27
Virtual based physical activity,35-44,0.827,0.95,27
Virtual based physical activity,45-54,0.697,0.95,27
Virtual based physical activity,55-64,0.272,0.95,27
Virtual based physical activity,65+,0.252,0.95,27
Motor cycling,15-17,1.502,0.947,28
Motor cycling,18-24,0.979,0.947,28
Motor cycling,25-34,1.41,0.947,28
Motor cycling,35-44,0.91,0.947,28
Motor cycling,45-54,0.792,0.947,28
Motor cycling,55-64,1.113,0.947,28
Motor cycling,65+,0.446,0.947,28
Boxing,15-17,0.982,0.848,29
Boxing,18-24,1.753,0.848,29
Boxing,25-34,1.571,0.848,29
Boxing,35-44,0.961,0.848,29
Boxing,45-54,0.745,0.848,29
Boxing,55-64,0.319,0.848,29
Boxing,65+,0.054,0.848,29
Underwater sports,15-17,0.722,0.836,30
Underwater sports,18-24,0.679,0.836,30
Underwater sports,25-34,1.049,0.836,30
Underwater sports,35-44,1.09,0.836,30
Underwater sports,45-54,0.817,0.836,30
Underwater sports,55-64,1.137,0.836,30
Underwater sports,65+,0.369,0.836,30
Bowls,15-17,0.147,0.834,31
Bowls,18-24,0.093,0.834,31
Bowls,25-34,0.288,0.834,31
Bowls,35-44,0.238,0.834,31
Bowls,45-54,0.425,0.834,31
Bowls,55-64,1.007,0.834,31
Bowls,65+,2.494,0.834,31
Ski & snowboard,15-17,0.269,0.812,32
Ski & snowboard,18-24,0.675,0.812,32
Ski & snowboard,25-34,0.893,0.812,32
Ski & snowboard,35-44,0.817,0.812,32
Ski & snowboard,45-54,1.007,0.812,32
Ski & snowboard,55-64,1.4,0.812,32
Ski & snowboard,65+,0.404,0.812,32
Rugby league,15-17,3.236,0.763,33
Rugby league,18-24,1.689,0.763,33
Rugby league,25-34,1.392,0.763,33
Rugby league,35-44,0.681,0.763,33
Rugby league,45-54,0.369,0.763,33
Rugby league,55-64,0.071,0.763,33
Rugby league,65+,0.013,0.763,33
Mountain biking,15-17,1.716,0.726,34
Mountain biking,18-24,0.485,0.726,34
Mountain biking,25-34,0.612,0.726,34
Mountain biking,35-44,0.966,0.726,34
Mountain biking,45-54,1.211,0.726,34
Mountain biking,55-64,0.714,0.726,34
Mountain biking,65+,0.209,0.726,34
Touch football,15-17,2.335,0.712,35
Touch football,18-24,1.549,0.712,35
Touch football,25-34,1.213,0.712,35
Touch football,35-44,0.562,0.712,35
Touch football,45-54,0.505,0.712,35
Touch football,55-64,0.26,0.712,35
Touch football,65+,0.064,0.712,35
Crossfit/Functional fitness,15-17,0.159,0.648,36
Crossfit/Functional fitness,18-24,0.493,0.648,36
Crossfit/Functional fitness,25-34,1.295,0.648,36
Crossfit/Functional fitness,35-44,1.08,0.648,36
Crossfit/Functional fitness,45-54,0.634,0.648,36
Crossfit/Functional fitness,55-64,0.397,0.648,36
Crossfit/Functional fitness,65+,0.099,0.648,36
Tenpin bowling,15-17,1.064,0.629,37
Tenpin bowling,18-24,0.815,0.629,37
Tenpin bowling,25-34,0.516,0.629,37
Tenpin bowling,35-44,0.685,0.629,37
Tenpin bowling,45-54,0.644,0.629,37
Tenpin bowling,55-64,0.699,0.629,37
Tenpin bowling,65+,0.434,0.629,37
Martial arts,15-17,0.649,0.626,38
Martial arts,18-24,0.736,0.626,38
Martial arts,25-34,0.514,0.626,38
Martial arts,35-44,0.278,0.626,38
Martial arts,45-54,0.532,0.626,38
Martial arts,55-64,0.477,0.626,38
Martial arts,65+,1.105,0.626,38
Rowing,15-17,0.952,0.585,39
Rowing,18-24,0.413,0.585,39
Rowing,25-34,0.517,0.585,39
Rowing,35-44,0.512,0.585,39
Rowing,45-54,0.709,0.585,39
Rowing,55-64,0.847,0.585,39
Rowing,65+,0.457,0.585,39
Sport climbing,15-17,1.379,0.542,40
Sport climbing,18-24,1.335,0.542,40
Sport climbing,25-34,1.255,0.542,40
Sport climbing,35-44,0.492,0.542,40
Sport climbing,45-54,0.044,0.542,40
Sport climbing,55-64,0.119,0.542,40
Sport climbing,65+,0.009,0.542,40
Gymnastics,15-17,2.5,0.54,41
Gymnastics,18-24,1.056,0.54,41
Gymnastics,25-34,0.726,0.54,41
Gymnastics,35-44,0.693,0.54,41
Gymnastics,45-54,0.152,0.54,41
Gymnastics,55-64,0.16,0.54,41
Gymnastics,65+,0.09,0.54,41
Hockey,15-17,1.629,0.512,42
Hockey,18-24,0.985,0.512,42
Hockey,25-34,0.584,0.512,42
Hockey,35-44,0.632,0.512,42
Hockey,45-54,0.45,0.512,42
Hockey,55-64,0.267,0.512,42
Hockey,65+,0.072,0.512,42
Rock climbing/Abseiling/Caving,15-17,1.791,0.457,43
Rock climbing/Abseiling/Caving,18-24,0.978,0.457,43
Rock climbing/Abseiling/Caving,25-34,0.604,0.457,43
Rock climbing/Abseiling/Caving,35-44,0.545,0.457,43
Rock climbing/Abseiling/Caving,45-54,0.249,0.457,43
Rock climbing/Abseiling/Caving,55-64,0.159,0.457,43
Rock climbing/Abseiling/Caving,65+,0.046,0.457,43
Equestrian,15-17,0.546,0.442,44
Equestrian,18-24,0.682,0.442,44
Equestrian,25-34,0.573,0.442,44
Equestrian,35-44,0.445,0.442,44
Equestrian,45-54,0.411,0.442,44
Equestrian,55-64,0.592,0.442,44
Equestrian,65+,0.103,0.442,44
Skate,15-17,1.194,0.396,45
Skate,18-24,0.663,0.396,45
Skate,25-34,0.6,0.396,45
Skate,35-44,0.475,0.396,45
Skate,45-54,0.429,0.396,45
Skate,55-64,0.115,0.396,45
Skate,65+,0.007,0.396,45
Squash,15-17,0.359,0.39,46
Squash,18-24,0.344,0.39,46
Squash,25-34,0.579,0.39,46
Squash,35-44,0.461,0.39,46
Squash,45-54,0.435,0.39,46
Squash,55-64,0.413,0.39,46
Squash,65+,0.155,0.39,46
Rugby union,15-17,1.386,0.374,47
Rugby union,18-24,0.913,0.374,47
Rugby union,25-34,0.617,0.374,47
Rugby union,35-44,0.291,0.374,47
Rugby union,45-54,0.18,0.374,47
Rugby union,55-64,0.126,0.374,47
Rugby union,65+,0.037,0.374,47
Calisthenics,15-17,1.226,0.359,48
Calisthenics,18-24,0.688,0.359,48
Calisthenics,25-34,0.519,0.359,48
Calisthenics,35-44,0.332,0.359,48
Calisthenics,45-54,0.251,0.359,48
Calisthenics,55-64,0.178,0.359,48
Calisthenics,65+,0.085,0.359,48
Sailing,15-17,0.299,0.327,49
Sailing,18-24,0.135,0.327,49
Sailing,25-34,0.166,0.327,49
Sailing,35-44,0.219,0.327,49
Sailing,45-54,0.362,0.327,49
Sailing,55-64,0.687,0.327,49
Sailing,65+,0.4,0.327,49
Baseball,15-17,0.715,0.309,50
Baseball,18-24,0.545,0.309,50
Baseball,25-34,0.474,0.309,50
Baseball,35-44,0.396,0.309,50
Baseball,45-54,0.367,0.309,50
Baseball,55-64,0.055,0.309,50
Baseball,65+,0.015,0.309,50
Billiards/Snooker/Pool,15-17,0.425,0.304,51
Billiards/Snooker/Pool,18-24,0.392,0.304,51
Billiards/Snooker/Pool,25-34,0.486,0.304,51
Billiards/Snooker/Pool,35-44,0.274,0.304,51
Billiards/Snooker/Pool,45-54,0.253,0.304,51
Billiards/Snooker/Pool,55-64,0.259,0.304,51
Billiards/Snooker/Pool,65+,0.166,0.304,51
