period,year_label,activity,total_pct,male_pct,female_pct,age_15_17,age_18_24,age_25_34,age_35_44,age_45_54,age_55_64,age_65plus
Jul 2023–Jun 2024,2023/24,Adventure racing,0.157,0.237,0.066,0.18,0.253,0.357,0.253,0.075,0.018,0.008
Jul 2023–Jun 2024,2023/24,Air sports,0.332,0.471,0.197,0.479,0.498,0.654,0.538,0.121,0.133,0.06
Jul 2023–Jun 2024,2023/24,Archery,0.24,0.297,0.169,0.219,0.315,0.472,0.263,0.155,0.181,0.088
Jul 2023–Jun 2024,2023/24,"Athletics, track and field",1.455,1.799,1.098,5.95,3.193,2.059,1.653,0.804,0.377,0.12
Jul 2023–Jun 2024,2023/24,Australian football,2.567,4.099,1.096,5.574,6.227,4.882,2.97,1.174,0.533,0.109
Jul 2023–Jun 2024,2023/24,Badminton,1.792,2.046,1.529,7.939,3.618,2.994,1.682,0.924,0.424,0.154
Jul 2023–Jun 2024,2023/24,Baseball,0.35,0.578,0.133,0.867,0.652,0.668,0.429,0.233,0.073,0.018
Jul 2023–Jun 2024,2023/24,Basketball,4.822,7.073,2.631,18.276,12.079,6.966,5.405,2.589,0.791,0.241
Jul 2023–Jun 2024,2023/24,Baton twirling,0.029,0.035,0.023,0.0,0.042,0.109,0.014,0.015,0.0,0.0
Jul 2023–Jun 2024,2023/24,Biathlon,0.008,0.011,0.005,0.0,0.023,0.015,0.015,0.0,0.0,0.0
Jul 2023–Jun 2024,2023/24,Billiards/Snooker/Pool,0.353,0.464,0.242,0.839,0.557,0.441,0.339,0.226,0.388,0.151
Jul 2023–Jun 2024,2023/24,BMX,0.051,0.075,0.028,0.149,0.093,0.066,0.043,0.093,0.0,0.006
Jul 2023–Jun 2024,2023/24,Bobsledding,0.003,0.005,0.0,0.0,0.0,0.014,0.0,0.0,0.0,0.0
Jul 2023–Jun 2024,2023/24,Bocce/Boules,0.025,0.018,0.032,0.0,0.0,0.0,0.0,0.048,0.016,0.075
Jul 2023–Jun 2024,2023/24,Boccia,0.0,0.0,0.0,0.0,0.0,0.0,0.0,0.0,0.0,0.0
Jul 2023–Jun 2024,2023/24,Body building,0.051,0.088,0.011,0.13,0.059,0.095,0.07,0.044,0.025,0.0
Jul 2023–Jun 2024,2023/24,Boomerang throwing,0.007,0.014,0.0,0.0,0.0,0.014,0.014,0.015,0.0,0.0
Jul 2023–Jun 2024,2023/24,Bowls,0.872,1.174,0.584,0.179,0.109,0.29,0.247,0.477,1.031,2.598
Jul 2023–Jun 2024,2023/24,Boxing,0.887,1.012,0.769,1.849,1.794,1.443,1.101,0.584,0.474,0.063
Jul 2023–Jun 2024,2023/24,Broomball,0.0,0.0,0.0,0.0,0.0,0.0,0.0,0.0,0.0,0.0
Jul 2023–Jun 2024,2023/24,Bush walking,16.958,15.89,17.998,15.914,15.808,21.347,18.875,19.608,18.856,9.263
Jul 2023–Jun 2024,2023/24,Calisthenics,0.233,0.355,0.109,0.378,0.776,0.321,0.288,0.076,0.054,0.034
Jul 2023–Jun 2024,2023/24,Campdrafting,0.031,0.058,0.005,0.0,0.024,0.073,0.088,0.0,0.0,0.0
Jul 2023–Jun 2024,2023/24,Canoeing/Kayaking,0.962,1.07,0.869,1.873,0.602,1.08,0.979,1.27,1.126,0.507
Jul 2023–Jun 2024,2023/24,Circus,0.036,0.014,0.054,0.0,0.068,0.096,0.039,0.018,0.016,0.0
Jul 2023–Jun 2024,2023/24,Cricket,2.474,4.251,0.761,6.596,4.345,3.814,3.344,1.916,0.784,0.319
Jul 2023–Jun 2024,2023/24,Croquet,0.074,0.079,0.07,0.0,0.044,0.038,0.015,0.017,0.048,0.243
Jul 2023–Jun 2024,2023/24,Crossfit,0.622,0.461,0.786,0.361,0.5,1.298,1.15,0.509,0.267,0.054
Jul 2023–Jun 2024,2023/24,Curling,0.02,0.042,0.0,0.0,0.0,0.064,0.027,0.014,0.016,0.0
Jul 2023–Jun 2024,2023/24,Cycling,8.897,10.978,6.851,8.34,6.045,7.913,10.539,12.415,11.729,5.53
Jul 2023–Jun 2024,2023/24,DanceSport,1.002,0.291,1.663,3.983,2.465,1.283,0.929,0.377,0.466,0.247
Jul 2023–Jun 2024,2023/24,Dancing (recreational),1.618,0.527,2.656,2.506,2.011,1.551,2.167,1.347,1.317,1.234
Jul 2023–Jun 2024,2023/24,Darts,0.161,0.227,0.098,0.111,0.088,0.26,0.169,0.125,0.126,0.165
Jul 2023–Jun 2024,2023/24,Diving,0.039,0.057,0.021,0.0,0.057,0.078,0.067,0.034,0.0,0.009
Jul 2023–Jun 2024,2023/24,Dodgeball,0.082,0.095,0.066,0.596,0.168,0.171,0.028,0.014,0.0,0.0
Jul 2023–Jun 2024,2023/24,Dragon boat racing,0.056,0.048,0.048,0.18,0.021,0.06,0.03,0.065,0.046,0.063
Jul 2023–Jun 2024,2023/24,Eight ball,0.036,0.05,0.023,0.192,0.128,0.023,0.027,0.015,0.017,0.0
Jul 2023–Jun 2024,2023/24,Equestrian,0.44,0.147,0.721,0.897,0.703,0.525,0.591,0.434,0.29,0.117
Jul 2023–Jun 2024,2023/24,eSports,0.297,0.433,0.16,1.285,0.77,0.553,0.247,0.096,0.015,0.0
Jul 2023–Jun 2024,2023/24,Fencing,0.048,0.081,0.017,0.335,0.021,0.066,0.032,0.048,0.034,0.009
Jul 2023–Jun 2024,2023/24,Fishing (recreational),1.12,1.723,0.549,0.269,0.463,1.21,1.161,1.387,1.384,1.16
Jul 2023–Jun 2024,2023/24,Fitness/Gym,29.324,28.223,30.399,30.788,40.194,37.644,30.964,27.041,23.475,20.543
Jul 2023–Jun 2024,2023/24,Floorball,0.009,0.01,0.009,0.0,0.045,0.011,0.0,0.016,0.0,0.0
Jul 2023–Jun 2024,2023/24,Flying disc,0.255,0.378,0.123,1.001,0.541,0.463,0.192,0.142,0.09,0.015
Jul 2023–Jun 2024,2023/24,Football/soccer,5.629,8.96,2.385,18.546,14.178,8.464,6.302,3.572,0.922,0.157
Jul 2023–Jun 2024,2023/24,Gaelic football,0.047,0.073,0.022,0.189,0.057,0.09,0.058,0.032,0.0,0.008
Jul 2023–Jun 2024,2023/24,Geocaching,0.024,0.029,0.019,0.0,0.024,0.052,0.034,0.032,0.009,0.0
Jul 2023–Jun 2024,2023/24,Goalball,0.004,0.0,0.009,0.0,0.0,0.011,0.015,0.0,0.0,0.0
Jul 2023–Jun 2024,2023/24,Golf,4.364,7.12,1.728,1.581,2.902,3.286,3.268,4.8,6.14,6.017
Jul 2023–Jun 2024,2023/24,Gridiron,0.044,0.065,0.025,0.21,0.1,0.122,0.015,0.0,0.0,0.0
Jul 2023–Jun 2024,2023/24,Guides,0.009,0.01,0.008,0.0,0.038,0.014,0.015,0.0,0.0,0.0
Jul 2023–Jun 2024,2023/24,Gymnastics,0.525,0.453,0.589,1.001,1.365,0.644,0.649,0.532,0.139,0.041
Jul 2023–Jun 2024,2023/24,Handball,0.142,0.201,0.085,1.391,0.272,0.117,0.079,0.099,0.0,0.008
Jul 2023–Jun 2024,2023/24,Harness racing,0.021,0.018,0.023,0.0,0.022,0.038,0.016,0.045,0.0,0.009
Jul 2023–Jun 2024,2023/24,Hockey,0.517,0.543,0.499,1.909,1.039,0.663,0.509,0.415,0.176,0.138
Jul 2023–Jun 2024,2023/24,Horse racing,0.045,0.07,0.021,0.0,0.057,0.069,0.09,0.046,0.017,0.009
Jul 2023–Jun 2024,2023/24,Ice hockey,0.061,0.09,0.02,0.111,0.103,0.087,0.109,0.046,0.017,0.01
Jul 2023–Jun 2024,2023/24,Ice racing/speed skating,0.009,0.005,0.014,0.0,0.019,0.014,0.028,0.0,0.0,0.0
Jul 2023–Jun 2024,2023/24,Ice skating,0.2,0.153,0.244,0.994,0.389,0.217,0.176,0.222,0.072,0.008
Jul 2023–Jun 2024,2023/24,Jet skiing,0.121,0.113,0.13,0.595,0.181,0.122,0.087,0.15,0.092,0.016
Jul 2023–Jun 2024,2023/24,Judo,0.027,0.046,0.008,0.0,0.09,0.04,0.012,0.014,0.0,0.027
Jul 2023–Jun 2024,2023/24,Jujitsu,0.188,0.303,0.078,0.389,0.321,0.365,0.206,0.171,0.043,0.018
Jul 2023–Jun 2024,2023/24,Karate,0.237,0.259,0.218,0.683,0.382,0.238,0.252,0.383,0.105,0.034
Jul 2023–Jun 2024,2023/24,Kendo,0.02,0.041,0.0,0.2,0.0,0.036,0.015,0.016,0.0,0.0
Jul 2023–Jun 2024,2023/24,Kitesurfing/kiteboarding,0.014,0.029,0.0,0.0,0.023,0.028,0.0,0.016,0.03,0.0
Jul 2023–Jun 2024,2023/24,Korfball,0.0,0.0,0.0,0.0,0.0,0.0,0.0,0.0,0.0,0.0
Jul 2023–Jun 2024,2023/24,Kung fu wushu,0.014,0.021,0.008,0.0,0.0,0.035,0.013,0.018,0.0,0.015
Jul 2023–Jun 2024,2023/24,Lacrosse,0.043,0.042,0.038,0.128,0.184,0.0,0.074,0.031,0.0,0.0
Jul 2023–Jun 2024,2023/24,Lifesaving royal,0.005,0.005,0.005,0.0,0.0,0.013,0.014,0.0,0.0,0.0
Jul 2023–Jun 2024,2023/24,Lifesaving surf,0.108,0.155,0.063,0.32,0.065,0.093,0.072,0.226,0.093,0.051
Jul 2023–Jun 2024,2023/24,Luging,0.01,0.009,0.01,0.0,0.0,0.013,0.014,0.032,0.0,0.0
Jul 2023–Jun 2024,2023/24,Marching,0.006,0.005,0.007,0.0,0.0,0.0,0.013,0.014,0.011,0.0
Jul 2023–Jun 2024,2023/24,Martial arts,0.644,0.472,0.82,0.54,0.408,0.475,0.408,0.375,0.635,1.328
Jul 2023–Jun 2024,2023/24,Mixed martial arts,0.094,0.143,0.048,0.218,0.202,0.194,0.138,0.018,0.0,0.009
Jul 2023–Jun 2024,2023/24,Modern pentathlon,0.005,0.01,0.0,0.0,0.021,0.0,0.016,0.0,0.0,0.0
Jul 2023–Jun 2024,2023/24,Motor cycling,1.075,1.561,0.603,2.665,1.422,1.427,1.248,0.991,0.736,0.405
Jul 2023–Jun 2024,2023/24,Motor sport,0.296,0.517,0.081,0.376,0.623,0.468,0.361,0.213,0.177,0.05
Jul 2023–Jun 2024,2023/24,Mountain biking,0.725,1.172,0.27,2.144,0.727,0.492,1.023,1.195,0.54,0.161
Jul 2023–Jun 2024,2023/24,Mountain climbing,0.099,0.152,0.045,0.0,0.153,0.124,0.072,0.201,0.072,0.036
Jul 2023–Jun 2024,2023/24,Muay Thai,0.095,0.099,0.087,0.0,0.233,0.152,0.211,0.016,0.018,0.009
Jul 2023–Jun 2024,2023/24,Netball,2.021,0.605,3.396,8.172,5.538,3.067,1.878,1.005,0.267,0.037
Jul 2023–Jun 2024,2023/24,Obstacle,0.042,0.044,0.042,0.0,0.073,0.084,0.055,0.056,0.0,0.008
Jul 2023–Jun 2024,2023/24,Orienteering,0.03,0.034,0.022,0.0,0.021,0.026,0.012,0.059,0.064,0.017
Jul 2023–Jun 2024,2023/24,Outrigger canoe,0.027,0.037,0.018,0.0,0.0,0.064,0.03,0.0,0.064,0.009
Jul 2023–Jun 2024,2023/24,Oztag,0.269,0.297,0.245,0.2,1.067,0.525,0.224,0.078,0.0,0.008
Jul 2023–Jun 2024,2023/24,Paddle sports,0.198,0.195,0.204,0.0,0.112,0.274,0.245,0.208,0.222,0.157
Jul 2023–Jun 2024,2023/24,Paintball,0.044,0.064,0.02,0.0,0.062,0.142,0.027,0.051,0.0,0.0
Jul 2023–Jun 2024,2023/24,Parkour,0.029,0.051,0.009,0.189,0.062,0.052,0.03,0.0,0.0,0.0
Jul 2023–Jun 2024,2023/24,Petanque,0.01,0.007,0.012,0.0,0.0,0.0,0.0,0.0,0.014,0.038
Jul 2023–Jun 2024,2023/24,Physical Culture,0.042,0.027,0.057,0.0,0.021,0.088,0.016,0.017,0.041,0.063
Jul 2023–Jun 2024,2023/24,Pickleball,0.423,0.492,0.358,0.832,0.259,0.472,0.29,0.439,0.68,0.304
Jul 2023–Jun 2024,2023/24,Pilates,5.059,1.055,8.988,2.022,5.492,8.069,6.193,4.772,4.428,2.615
Jul 2023–Jun 2024,2023/24,Polo,0.003,0.005,0.0,0.0,0.0,0.0,0.015,0.0,0.0,0.0
Jul 2023–Jun 2024,2023/24,Polocrosse,0.007,0.015,0.0,0.0,0.021,0.0,0.015,0.016,0.0,0.0
Jul 2023–Jun 2024,2023/24,Pony Club,0.064,0.035,0.093,0.18,0.021,0.048,0.093,0.082,0.075,0.031
Jul 2023–Jun 2024,2023/24,Powerlifting,0.051,0.048,0.054,0.0,0.08,0.131,0.08,0.033,0.0,0.0
Jul 2023–Jun 2024,2023/24,Ready Steady Go Kids,0.002,0.003,0.0,0.0,0.0,0.009,0.0,0.0,0.0,0.0
Jul 2023–Jun 2024,2023/24,Rock climbing/Abseiling/Caving,0.467,0.518,0.402,1.289,1.078,0.692,0.609,0.257,0.122,0.056
Jul 2023–Jun 2024,2023/24,Rodeo,0.003,0.0,0.005,0.0,0.0,0.0,0.016,0.0,0.0,0.0
Jul 2023–Jun 2024,2023/24,Rogaining,0.01,0.021,0.0,0.0,0.0,0.012,0.017,0.033,0.0,0.0
Jul 2023–Jun 2024,2023/24,Roller Derby,0.033,0.006,0.051,0.214,0.064,0.037,0.061,0.0,0.0,0.0
Jul 2023–Jun 2024,2023/24,Rope skipping,0.305,0.234,0.372,0.735,0.6,0.399,0.253,0.303,0.135,0.137
Jul 2023–Jun 2024,2023/24,Rowing,0.596,0.694,0.503,1.142,0.465,0.373,0.814,0.663,0.79,0.381
Jul 2023–Jun 2024,2023/24,Rugby league,0.796,1.101,0.486,2.436,2.309,1.554,0.616,0.27,0.11,0.01
Jul 2023–Jun 2024,2023/24,Rugby union,0.32,0.504,0.134,0.311,1.024,0.618,0.279,0.165,0.082,0.008
Jul 2023–Jun 2024,2023/24,Running/jogging,15.888,18.457,13.346,28.761,27.7,26.126,19.916,14.317,7.474,1.817
Jul 2023–Jun 2024,2023/24,Sailing,0.333,0.472,0.198,0.492,0.192,0.253,0.194,0.376,0.561,0.37
Jul 2023–Jun 2024,2023/24,Scootering,0.157,0.157,0.158,0.336,0.144,0.216,0.306,0.144,0.087,0.009
Jul 2023–Jun 2024,2023/24,Scouts,0.018,0.038,0.0,0.0,0.041,0.023,0.011,0.012,0.0,0.03
Jul 2023–Jun 2024,2023/24,Sepak takraw,0.005,0.005,0.0,0.0,0.0,0.012,0.014,0.0,0.0,0.0
Jul 2023–Jun 2024,2023/24,Shooting,0.175,0.294,0.057,0.323,0.182,0.179,0.173,0.304,0.155,0.058
Jul 2023–Jun 2024,2023/24,Shooting sports,0.124,0.185,0.066,0.344,0.2,0.14,0.072,0.115,0.05,0.121
Jul 2023–Jun 2024,2023/24,Skate,0.473,0.469,0.439,0.802,1.179,0.727,0.651,0.37,0.078,0.019
Jul 2023–Jun 2024,2023/24,Skeleton,0.0,0.0,0.0,0.0,0.0,0.0,0.0,0.0,0.0,0.0
Jul 2023–Jun 2024,2023/24,Ski & snowboard,0.794,0.91,0.678,1.182,0.76,0.906,0.879,0.896,0.907,0.413
Jul 2023–Jun 2024,2023/24,Skirmish,0.0,0.0,0.0,0.0,0.0,0.0,0.0,0.0,0.0,0.0
Jul 2023–Jun 2024,2023/24,Softball,0.128,0.097,0.159,0.2,0.21,0.14,0.204,0.202,0.044,0.0
Jul 2023–Jun 2024,2023/24,Sport climbing,0.436,0.51,0.353,0.495,1.233,1.002,0.353,0.206,0.071,0.007
Jul 2023–Jun 2024,2023/24,Squash,0.458,0.642,0.279,0.46,0.4,0.771,0.495,0.577,0.418,0.129
Jul 2023–Jun 2024,2023/24,Surfing,1.422,1.747,1.097,1.707,1.515,1.898,1.675,1.804,1.416,0.429
Jul 2023–Jun 2024,2023/24,Swimming,15.239,14.465,15.979,17.69,14.779,17.366,18.244,16.587,14.994,9.872
Jul 2023–Jun 2024,2023/24,Sword fighting,0.022,0.033,0.008,0.0,0.058,0.04,0.035,0.0,0.02,0.0
Jul 2023–Jun 2024,2023/24,Synchronised swimming,0.083,0.067,0.099,0.0,0.056,0.226,0.075,0.069,0.026,0.045
Jul 2023–Jun 2024,2023/24,Table tennis,1.612,2.256,0.994,4.884,3.141,1.893,1.259,1.182,0.953,0.931
Jul 2023–Jun 2024,2023/24,Taekwondo,0.178,0.177,0.151,1.204,0.434,0.049,0.273,0.101,0.035,0.01
Jul 2023–Jun 2024,2023/24,Tee ball,0.024,0.019,0.029,0.18,0.043,0.037,0.013,0.016,0.0,0.0
Jul 2023–Jun 2024,2023/24,Tennis,4.81,5.832,3.841,8.143,6.835,6.156,5.215,4.931,3.342,2.476
Jul 2023–Jun 2024,2023/24,Tenpin bowling,0.617,0.688,0.551,0.834,0.514,0.712,0.744,0.71,0.516,0.439
Jul 2023–Jun 2024,2023/24,Tobogganing,0.0,0.0,0.0,0.0,0.0,0.0,0.0,0.0,0.0,0.0
Jul 2023–Jun 2024,2023/24,Touch football,0.783,0.924,0.655,2.098,1.831,1.475,0.656,0.52,0.214,0.046
Jul 2023–Jun 2024,2023/24,Triathlon,0.149,0.212,0.09,0.396,0.152,0.164,0.206,0.194,0.117,0.023
Jul 2023–Jun 2024,2023/24,Underwater sports,0.748,0.836,0.666,0.428,0.568,1.037,0.833,0.999,0.814,0.367
Jul 2023–Jun 2024,2023/24,Virtual based physical activity,1.024,0.983,1.019,3.321,1.853,1.657,1.277,0.658,0.236,0.157
Jul 2023–Jun 2024,2023/24,Volleyball (indoor and outdoor),1.375,1.503,1.259,10.924,3.964,1.585,0.503,0.451,0.143,0.041
Jul 2023–Jun 2024,2023/24,Walking (Recreational),49.46,42.374,56.421,26.99,33.1,41.164,47.438,57.912,65.042,54.812
Jul 2023–Jun 2024,2023/24,Water polo,0.102,0.126,0.079,0.606,0.2,0.149,0.091,0.016,0.065,0.0
Jul 2023–Jun 2024,2023/24,Waterskiing/Wakeboarding,0.2,0.238,0.165,0.408,0.41,0.328,0.072,0.287,0.078,0.06
Jul 2023–Jun 2024,2023/24,Weight lifting,1.385,1.757,1.033,1.732,2.107,2.01,1.534,1.246,0.998,0.643
Jul 2023–Jun 2024,2023/24,Wheelchair rugby,0.003,0.006,0.0,0.0,0.0,0.0,0.016,0.0,0.0,0.0
Jul 2023–Jun 2024,2023/24,Wood chopping,0.054,0.08,0.028,0.0,0.062,0.015,0.03,0.033,0.073,0.115
Jul 2023–Jun 2024,2023/24,Wrestling,0.033,0.064,0.0,0.0,0.045,0.092,0.016,0.048,0.016,0.0
Jul 2023–Jun 2024,2023/24,Yoga,4.894,1.527,8.17,2.69,3.698,6.584,5.859,5.961,5.178,2.783
Jan–Dec 2024,2024,Adventure racing,0.236,0.384,0.077,0.385,0.778,0.397,0.236,0.13,0.011,0.008
Jan–Dec 2024,2024,Air sports,0.355,0.494,0.208,0.64,0.668,0.675,0.492,0.089,0.211,0.034
Jan–Dec 2024,2024,Archery,0.247,0.308,0.161,0.927,0.348,0.376,0.279,0.109,0.135,0.086
Jan–Dec 2024,2024,"Athletics, track and field",1.51,1.921,1.098,5.542,3.885,2.159,1.545,0.667,0.489,0.112
Jan–Dec 2024,2024,Australian football,2.609,4.06,1.201,5.515,6.27,4.631,3.172,1.416,0.627,0.067
Jan–Dec 2024,2024,Badminton,1.848,2.183,1.526,7.628,3.758,3.307,1.821,0.779,0.352,0.155
Jan–Dec 2024,2024,Baseball,0.382,0.565,0.191,1.321,0.676,0.636,0.429,0.273,0.107,0.033
Jan–Dec 2024,2024,Basketball,4.734,6.945,2.602,16.672,11.539,7.296,5.032,2.991,0.511,0.267
Jan–Dec 2024,2024,Baton twirling,0.029,0.043,0.016,0.149,0.02,0.09,0.0,0.016,0.0,0.007
Jan–Dec 2024,2024,Biathlon,0.014,0.019,0.011,0.0,0.022,0.013,0.047,0.0,0.0,0.007
Jan–Dec 2024,2024,Billiards/Snooker/Pool,0.329,0.451,0.212,0.274,0.57,0.381,0.279,0.214,0.478,0.195
Jan–Dec 2024,2024,BMX,0.043,0.062,0.026,0.147,0.043,0.066,0.0,0.058,0.0,0.056
Jan–Dec 2024,2024,Bobsledding,0.0,0.0,0.0,0.0,0.0,0.0,0.0,0.0,0.0,0.0
Jan–Dec 2024,2024,Bocce/Boules,0.014,0.022,0.006,0.0,0.0,0.0,0.0,0.048,0.0,0.032
Jan–Dec 2024,2024,Boccia,0.0,0.0,0.0,0.0,0.0,0.0,0.0,0.0,0.0,0.0
Jan–Dec 2024,2024,Body building,0.036,0.061,0.008,0.0,0.081,0.066,0.056,0.03,0.011,0.0
Jan–Dec 2024,2024,Boomerang throwing,0.011,0.023,0.0,0.0,0.02,0.012,0.013,0.031,0.0,0.0
Jan–Dec 2024,2024,Bowls,0.885,1.209,0.582,0.142,0.115,0.375,0.351,0.399,0.972,2.607
Jan–Dec 2024,2024,Boxing,0.893,1.047,0.736,1.23,1.993,1.805,0.86,0.531,0.406,0.079
Jan–Dec 2024,2024,Broomball,0.005,0.01,0.0,0.0,0.0,0.015,0.014,0.0,0.0,0.0
Jan–Dec 2024,2024,Bush walking,16.857,15.691,18.008,13.131,15.596,20.45,18.485,20.418,19.16,9.804
Jan–Dec 2024,2024,Calisthenics,0.24,0.348,0.135,0.0,0.724,0.398,0.268,0.158,0.083,0.043
Jan–Dec 2024,2024,Campdrafting,0.022,0.026,0.019,0.0,0.0,0.047,0.059,0.015,0.0,0.007
Jan–Dec 2024,2024,Canoeing/Kayaking,0.963,1.027,0.915,1.569,0.539,0.938,0.943,1.543,1.212,0.512
Jan–Dec 2024,2024,Circus,0.043,0.021,0.061,0.0,0.075,0.111,0.087,0.0,0.0,0.0
Jan–Dec 2024,2024,Cricket,2.419,4.159,0.749,6.422,4.047,3.636,3.405,2.016,0.79,0.239
Jan–Dec 2024,2024,Croquet,0.074,0.074,0.076,0.185,0.02,0.013,0.014,0.017,0.093,0.21
Jan–Dec 2024,2024,Crossfit,0.571,0.401,0.744,0.519,0.476,1.06,0.955,0.574,0.336,0.054
Jan–Dec 2024,2024,Curling,0.011,0.023,0.0,0.0,0.022,0.013,0.026,0.0,0.016,0.0
Jan–Dec 2024,2024,Cycling,8.589,10.608,6.619,6.223,6.193,7.328,9.963,11.884,11.946,5.705
Jan–Dec 2024,2024,DanceSport,1.047,0.34,1.692,3.57,2.607,1.489,1.041,0.393,0.385,0.231
Jan–Dec 2024,2024,Dancing (recreational),1.778,0.615,2.863,2.671,2.25,1.766,2.185,1.374,1.36,1.587
Jan–Dec 2024,2024,Darts,0.16,0.235,0.084,0.267,0.131,0.188,0.224,0.106,0.188,0.095
Jan–Dec 2024,2024,Diving,0.049,0.066,0.033,0.0,0.057,0.104,0.077,0.059,0.0,0.009
Jan–Dec 2024,2024,Dodgeball,0.076,0.093,0.057,0.582,0.037,0.145,0.094,0.014,0.015,0.0
Jan–Dec 2024,2024,Dragon boat racing,0.049,0.039,0.06,0.0,0.0,0.08,0.0,0.077,0.074,0.062
Jan–Dec 2024,2024,Eight ball,0.043,0.05,0.038,0.0,0.17,0.055,0.027,0.03,0.043,0.0
Jan–Dec 2024,2024,Equestrian,0.443,0.143,0.731,0.336,0.649,0.559,0.66,0.462,0.371,0.117
Jan–Dec 2024,2024,eSports,0.275,0.421,0.128,1.112,0.591,0.471,0.319,0.112,0.031,0.007
Jan–Dec 2024,2024,Fencing,0.076,0.111,0.044,0.699,0.0,0.067,0.076,0.067,0.04,0.023
Jan–Dec 2024,2024,Fishing (recreational),1.21,1.9,0.555,0.55,0.589,1.156,1.032,1.763,1.553,1.241
Jan–Dec 2024,2024,Fitness/Gym,30.331,28.789,31.931,29.717,38.312,38.898,31.877,28.776,25.549,21.989
Jan–Dec 2024,2024,Floorball,0.006,0.009,0.004,0.0,0.021,0.022,0.0,0.0,0.0,0.0
Jan–Dec 2024,2024,Flying disc,0.237,0.357,0.124,0.523,0.458,0.411,0.3,0.152,0.089,0.021
Jan–Dec 2024,2024,Football/soccer,5.437,8.744,2.248,17.529,12.199,8.564,6.417,3.68,0.911,0.126
Jan–Dec 2024,2024,Gaelic football,0.037,0.067,0.007,0.0,0.083,0.126,0.014,0.016,0.0,0.0
Jan–Dec 2024,2024,Geocaching,0.028,0.033,0.023,0.0,0.072,0.024,0.048,0.016,0.039,0.0
Jan–Dec 2024,2024,Goalball,0.012,0.016,0.007,0.0,0.016,0.039,0.017,0.0,0.0,0.0
Jan–Dec 2024,2024,Golf,4.685,7.593,1.892,1.551,2.977,3.706,3.181,5.113,6.877,6.548
Jan–Dec 2024,2024,Gridiron,0.062,0.093,0.033,0.0,0.207,0.156,0.045,0.027,0.0,0.0
Jan–Dec 2024,2024,Guides,0.009,0.01,0.008,0.0,0.038,0.014,0.0,0.017,0.0,0.0
Jan–Dec 2024,2024,Gymnastics,0.557,0.437,0.673,1.554,1.309,0.686,0.742,0.471,0.086,0.066
Jan–Dec 2024,2024,Handball,0.146,0.185,0.111,0.971,0.318,0.169,0.121,0.093,0.0,0.017
Jan–Dec 2024,2024,Harness racing,0.018,0.014,0.023,0.0,0.0,0.01,0.031,0.062,0.0,0.008
Jan–Dec 2024,2024,Hockey,0.448,0.449,0.45,1.206,0.829,0.576,0.447,0.422,0.29,0.105
Jan–Dec 2024,2024,Horse racing,0.04,0.029,0.051,0.182,0.019,0.017,0.095,0.046,0.016,0.008
Jan–Dec 2024,2024,Ice hockey,0.06,0.094,0.018,0.257,0.126,0.034,0.115,0.014,0.048,0.0
Jan–Dec 2024,2024,Ice racing/speed skating,0.009,0.005,0.013,0.0,0.04,0.0,0.013,0.016,0.0,0.0
Jan–Dec 2024,2024,Ice skating,0.213,0.166,0.261,1.3,0.442,0.145,0.247,0.18,0.075,0.008
Jan–Dec 2024,2024,Jet skiing,0.086,0.064,0.104,0.219,0.133,0.135,0.084,0.078,0.058,0.019
Jan–Dec 2024,2024,Judo,0.044,0.069,0.021,0.0,0.197,0.063,0.044,0.0,0.016,0.009
Jan–Dec 2024,2024,Jujitsu,0.2,0.319,0.088,0.531,0.315,0.399,0.266,0.119,0.045,0.008
Jan–Dec 2024,2024,Karate,0.232,0.235,0.223,0.633,0.402,0.17,0.294,0.397,0.11,0.023
Jan–Dec 2024,2024,Kendo,0.009,0.019,0.0,0.0,0.022,0.021,0.018,0.0,0.0,0.0
Jan–Dec 2024,2024,Kitesurfing/kiteboarding,0.019,0.029,0.01,0.0,0.023,0.028,0.015,0.016,0.05,0.0
Jan–Dec 2024,2024,Korfball,0.0,0.0,0.0,0.0,0.0,0.0,0.0,0.0,0.0,0.0
Jan–Dec 2024,2024,Kung fu wushu,0.012,0.016,0.008,0.0,0.0,0.022,0.028,0.0,0.0,0.015
Jan–Dec 2024,2024,Lacrosse,0.029,0.029,0.023,0.168,0.066,0.0,0.045,0.029,0.016,0.0
Jan–Dec 2024,2024,Lifesaving royal,0.0,0.0,0.0,0.0,0.0,0.0,0.0,0.0,0.0,0.0
Jan–Dec 2024,2024,Lifesaving surf,0.141,0.209,0.072,0.515,0.163,0.138,0.16,0.215,0.044,0.046
Jan–Dec 2024,2024,Luging,0.004,0.004,0.004,0.0,0.0,0.012,0.0,0.014,0.0,0.0
Jan–Dec 2024,2024,Marching,0.004,0.0,0.008,0.0,0.0,0.0,0.015,0.0,0.011,0.0
Jan–Dec 2024,2024,Martial arts,0.678,0.518,0.838,1.2,0.371,0.501,0.358,0.487,0.664,1.286
Jan–Dec 2024,2024,Mixed martial arts,0.082,0.131,0.035,0.214,0.141,0.24,0.054,0.018,0.0,0.009
Jan–Dec 2024,2024,Modern pentathlon,0.007,0.015,0.0,0.0,0.021,0.014,0.016,0.0,0.0,0.0
Jan–Dec 2024,2024,Motor cycling,1.095,1.541,0.663,1.795,1.629,1.413,1.158,1.12,1.041,0.36
Jan–Dec 2024,2024,Motor sport,0.291,0.472,0.12,0.301,0.53,0.432,0.385,0.275,0.187,0.05
Jan–Dec 2024,2024,Mountain biking,0.592,0.887,0.306,0.902,0.605,0.576,0.746,0.918,0.657,0.132
Jan–Dec 2024,2024,Mountain climbing,0.119,0.152,0.088,0.186,0.16,0.142,0.134,0.169,0.06,0.054
Jan–Dec 2024,2024,Muay Thai,0.105,0.128,0.08,0.0,0.366,0.236,0.111,0.016,0.0,0.009
Jan–Dec 2024,2024,Netball,2.1,0.575,3.582,7.824,5.673,3.402,1.889,1.179,0.164,0.024
Jan–Dec 2024,2024,Obstacle,0.029,0.034,0.025,0.0,0.056,0.05,0.073,0.0,0.0,0.008
Jan–Dec 2024,2024,Orienteering,0.05,0.045,0.046,0.0,0.021,0.023,0.012,0.091,0.061,0.091
Jan–Dec 2024,2024,Outrigger canoe,0.026,0.04,0.014,0.0,0.0,0.013,0.051,0.032,0.078,0.0
Jan–Dec 2024,2024,Oztag,0.301,0.322,0.284,0.871,0.823,0.587,0.289,0.093,0.017,0.008
Jan–Dec 2024,2024,Paddle sports,0.194,0.169,0.221,0.0,0.152,0.171,0.278,0.223,0.242,0.155
Jan–Dec 2024,2024,Paintball,0.051,0.087,0.017,0.0,0.061,0.129,0.026,0.084,0.032,0.0
Jan–Dec 2024,2024,Parkour,0.028,0.039,0.019,0.321,0.022,0.052,0.015,0.0,0.0,0.0
Jan–Dec 2024,2024,Petanque,0.009,0.016,0.003,0.0,0.0,0.013,0.0,0.0,0.013,0.023
Jan–Dec 2024,2024,Physical Culture,0.032,0.008,0.057,0.0,0.084,0.025,0.0,0.032,0.014,0.058
Jan–Dec 2024,2024,Pickleball,0.698,0.783,0.619,1.094,0.566,0.775,0.68,0.608,0.973,0.516
Jan–Dec 2024,2024,Pilates,5.788,1.157,10.337,3.102,6.777,9.103,6.598,5.473,5.262,2.916
Jan–Dec 2024,2024,Polo,0.0,0.0,0.0,0.0,0.0,0.0,0.0,0.0,0.0,0.0
Jan–Dec 2024,2024,Polocrosse,0.005,0.009,0.0,0.0,0.02,0.0,0.0,0.016,0.0,0.0
Jan–Dec 2024,2024,Pony Club,0.048,0.044,0.053,0.0,0.044,0.022,0.074,0.076,0.051,0.041
Jan–Dec 2024,2024,Powerlifting,0.062,0.052,0.068,0.0,0.106,0.113,0.114,0.074,0.0,0.0
Jan–Dec 2024,2024,Ready Steady Go Kids,0.004,0.009,0.0,0.0,0.0,0.009,0.015,0.0,0.0,0.0
Jan–Dec 2024,2024,Rock climbing/Abseiling/Caving,0.435,0.49,0.375,1.642,0.822,0.657,0.526,0.259,0.092,0.068
Jan–Dec 2024,2024,Rodeo,0.003,0.0,0.005,0.0,0.0,0.0,0.016,0.0,0.0,0.0
Jan–Dec 2024,2024,Rogaining,0.009,0.009,0.009,0.0,0.0,0.012,0.017,0.016,0.01,0.0
Jan–Dec 2024,2024,Roller Derby,0.026,0.006,0.042,0.211,0.0,0.024,0.075,0.0,0.0,0.0
Jan–Dec 2024,2024,Rope skipping,0.293,0.27,0.314,1.211,0.559,0.31,0.371,0.225,0.146,0.027
Jan–Dec 2024,2024,Rowing,0.611,0.718,0.51,0.727,0.396,0.476,0.806,0.848,0.837,0.336
Jan–Dec 2024,2024,Rugby league,0.747,1.058,0.436,2.118,2.112,1.454,0.629,0.231,0.124,0.017
Jan–Dec 2024,2024,Rugby union,0.332,0.543,0.122,0.772,0.987,0.601,0.294,0.128,0.069,0.018
Jan–Dec 2024,2024,Running/jogging,15.988,18.222,13.842,26.77,26.492,27.164,20.604,14.1,7.576,1.811
Jan–Dec 2024,2024,Sailing,0.338,0.464,0.217,0.413,0.195,0.24,0.197,0.385,0.598,0.389
Jan–Dec 2024,2024,Scootering,0.175,0.137,0.21,0.322,0.109,0.205,0.372,0.197,0.128,0.009
Jan–Dec 2024,2024,Scouts,0.037,0.072,0.004,0.48,0.038,0.012,0.011,0.012,0.0,0.029
Jan–Dec 2024,2024,Sepak takraw,0.002,0.0,0.005,0.0,0.021,0.0,0.0,0.0,0.0,0.0
Jan–Dec 2024,2024,Shooting,0.173,0.296,0.051,0.459,0.213,0.178,0.137,0.188,0.154,0.116
Jan–Dec 2024,2024,Shooting sports,0.122,0.205,0.043,0.163,0.211,0.147,0.106,0.115,0.048,0.114
Jan–Dec 2024,2024,Skate,0.473,0.413,0.492,1.081,0.996,0.769,0.615,0.369,0.124,0.008
Jan–Dec 2024,2024,Skeleton,0.0,0.0,0.0,0.0,0.0,0.0,0.0,0.0,0.0,0.0
Jan–Dec 2024,2024,Ski & snowboard,0.83,0.902,0.768,1.302,0.848,0.936,0.775,0.964,1.045,0.437
Jan–Dec 2024,2024,Skirmish,0.003,0.007,0.0,0.0,0.0,0.0,0.02,0.0,0.0,0.0
Jan–Dec 2024,2024,Softball,0.131,0.08,0.181,0.184,0.235,0.143,0.193,0.2,0.06,0.0
Jan–Dec 2024,2024,Sport climbing,0.43,0.491,0.359,0.882,1.06,0.948,0.395,0.17,0.069,0.015
Jan–Dec 2024,2024,Squash,0.461,0.7,0.236,0.591,0.442,0.827,0.477,0.548,0.312,0.153
Jan–Dec 2024,2024,Surfing,1.382,1.647,1.121,1.614,1.299,1.675,1.689,1.916,1.463,0.437
Jan–Dec 2024,2024,Swimming,15.191,14.144,16.182,18.472,14.217,16.794,17.921,16.436,16.019,9.951
Jan–Dec 2024,2024,Sword fighting,0.015,0.022,0.004,0.0,0.056,0.015,0.034,0.0,0.0,0.0
Jan–Dec 2024,2024,Synchronised swimming,0.071,0.074,0.069,0.0,0.114,0.179,0.087,0.054,0.011,0.011
Jan–Dec 2024,2024,Table tennis,1.639,2.311,0.997,4.086,3.752,1.881,1.572,1.037,0.823,0.842
Jan–Dec 2024,2024,Taekwondo,0.143,0.162,0.112,0.959,0.331,0.062,0.183,0.115,0.031,0.0
Jan–Dec 2024,2024,Tee ball,0.03,0.047,0.013,0.0,0.089,0.09,0.013,0.01,0.0,0.0
Jan–Dec 2024,2024,Tennis,5.081,5.964,4.255,7.323,6.991,6.602,5.51,5.104,3.611,2.913
Jan–Dec 2024,2024,Tenpin bowling,0.634,0.718,0.562,0.613,0.778,0.694,0.755,0.662,0.566,0.44
Jan–Dec 2024,2024,Tobogganing,0.0,0.0,0.0,0.0,0.0,0.0,0.0,0.0,0.0,0.0
Jan–Dec 2024,2024,Touch football,0.768,0.968,0.584,1.835,1.836,1.515,0.608,0.513,0.2,0.034
Jan–Dec 2024,2024,Triathlon,0.113,0.152,0.078,0.389,0.155,0.15,0.13,0.121,0.064,0.014
Jan–Dec 2024,2024,Underwater sports,0.808,0.845,0.778,0.447,0.37,1.15,0.92,1.044,1.056,0.393
Jan–Dec 2024,2024,Virtual based physical activity,1.03,1.106,0.949,3.269,2.172,1.495,1.185,0.668,0.351,0.147
Jan–Dec 2024,2024,Volleyball (indoor and outdoor),1.426,1.559,1.303,10.673,3.997,1.687,0.653,0.487,0.173,0.033
Jan–Dec 2024,2024,Walking (Recreational),49.926,42.462,57.283,27.769,31.975,41.697,47.312,58.519,65.888,56.41
Jan–Dec 2024,2024,Water polo,0.079,0.07,0.088,0.203,0.201,0.056,0.093,0.028,0.089,0.026
Jan–Dec 2024,2024,Waterskiing/Wakeboarding,0.197,0.219,0.179,0.0,0.375,0.312,0.171,0.265,0.122,0.072
Jan–Dec 2024,2024,Weight lifting,1.448,1.707,1.203,1.589,2.067,2.219,1.552,1.247,1.303,0.593
Jan–Dec 2024,2024,Wheelchair rugby,0.012,0.011,0.013,0.0,0.022,0.026,0.016,0.0,0.014,0.0
Jan–Dec 2024,2024,Wood chopping,0.04,0.075,0.006,0.0,0.02,0.0,0.034,0.017,0.07,0.094
Jan–Dec 2024,2024,Wrestling,0.035,0.067,0.004,0.149,0.062,0.054,0.016,0.046,0.016,0.0
Jan–Dec 2024,2024,Yoga,4.98,1.59,8.292,2.855,3.442,6.696,6.123,6.13,5.312,2.782
Jul 2024–Jun 2025,2024/25,Adventure racing,0.189,0.287,0.07,0.38,0.724,0.28,0.153,0.101,0.011,0.0
Jul 2024–Jun 2025,2024/25,Air sports,0.321,0.417,0.215,0.739,0.652,0.53,0.388,0.1,0.171,0.081
Jul 2024–Jun 2025,2024/25,Archery,0.22,0.289,0.138,0.704,0.26,0.337,0.29,0.155,0.122,0.049
Jul 2024–Jun 2025,2024/25,"Athletics, track and field",1.309,1.768,0.862,4.909,3.431,1.824,1.206,0.668,0.438,0.107
Jul 2024–Jun 2025,2024/25,Australian football,2.627,4.041,1.258,6.285,6.554,4.738,2.74,1.445,0.633,0.046
Jul 2024–Jun 2025,2024/25,Badminton,1.744,2.067,1.451,7.387,4.023,2.881,1.719,0.568,0.271,0.204
Jul 2024–Jun 2025,2024/25,Baseball,0.35,0.497,0.194,1.562,0.585,0.493,0.429,0.262,0.064,0.031
Jul 2024–Jun 2025,2024/25,Basketball,4.633,6.819,2.537,16.023,11.326,6.86,5.13,2.9,0.656,0.246
Jul 2024–Jun 2025,2024/25,Baton twirling,0.026,0.032,0.02,0.147,0.021,0.058,0.0,0.032,0.0,0.007
Jul 2024–Jun 2025,2024/25,Biathlon,0.009,0.013,0.006,0.0,0.0,0.013,0.031,0.0,0.0,0.007
Jul 2024–Jun 2025,2024/25,Billiards/Snooker/Pool,0.308,0.456,0.169,0.0,0.455,0.471,0.287,0.218,0.328,0.226
Jul 2024–Jun 2025,2024/25,BMX,0.029,0.03,0.029,0.0,0.064,0.038,0.028,0.0,0.0,0.05
Jul 2024–Jun 2025,2024/25,Bobsledding,0.0,0.0,0.0,0.0,0.0,0.0,0.0,0.0,0.0,0.0
Jul 2024–Jun 2025,2024/25,Bocce/Boules,0.011,0.012,0.01,0.0,0.0,0.0,0.0,0.016,0.013,0.032
Jul 2024–Jun 2025,2024/25,Boccia,0.0,0.0,0.0,0.0,0.0,0.0,0.0,0.0,0.0,0.0
Jul 2024–Jun 2025,2024/25,Body building,0.032,0.057,0.009,0.0,0.043,0.093,0.029,0.015,0.0,0.016
Jul 2024–Jun 2025,2024/25,Boomerang throwing,0.018,0.038,0.0,0.212,0.02,0.012,0.012,0.017,0.0,0.0
Jul 2024–Jun 2025,2024/25,Bowls,0.934,1.221,0.667,0.141,0.141,0.354,0.296,0.349,1.136,2.819
Jul 2024–Jun 2025,2024/25,Boxing,0.902,0.999,0.795,1.354,1.843,1.77,0.942,0.745,0.27,0.062
Jul 2024–Jun 2025,2024/25,Broomball,0.005,0.01,0.0,0.0,0.0,0.015,0.014,0.0,0.0,0.0
Jul 2024–Jun 2025,2024/25,Bush walking,17.193,15.907,18.484,14.784,16.766,19.878,20.087,20.475,18.503,10.073
Jul 2024–Jun 2025,2024/25,Calisthenics,0.258,0.393,0.131,0.361,0.496,0.459,0.248,0.237,0.157,0.03
Jul 2024–Jun 2025,2024/25,Campdrafting,0.021,0.017,0.026,0.0,0.0,0.06,0.03,0.015,0.0,0.015
Jul 2024–Jun 2025,2024/25,Canoeing/Kayaking,1.0,0.971,1.04,1.264,0.487,0.845,1.027,1.661,1.484,0.535
Jul 2024–Jun 2025,2024/25,Circus,0.041,0.021,0.062,0.208,0.021,0.086,0.085,0.0,0.0,0.0
Jul 2024–Jun 2025,2024/25,Cricket,2.431,4.224,0.717,6.671,4.509,3.783,2.988,1.967,0.795,0.237
Jul 2024–Jun 2025,2024/25,Croquet,0.068,0.072,0.065,0.183,0.0,0.012,0.028,0.0,0.109,0.181
Jul 2024–Jun 2025,2024/25,Crossfit,0.634,0.493,0.779,0.162,0.407,1.081,1.165,0.704,0.483,0.087
Jul 2024–Jun 2025,2024/25,Curling,0.005,0.009,0.0,0.0,0.022,0.0,0.013,0.0,0.0,0.0
Jul 2024–Jun 2025,2024/25,Cycling,8.452,10.449,6.517,5.922,5.716,7.319,9.782,11.835,11.998,5.574
Jul 2024–Jun 2025,2024/25,DanceSport,1.102,0.261,1.905,4.064,2.467,1.336,1.197,0.562,0.489,0.269
Jul 2024–Jun 2025,2024/25,Dancing (recreational),1.661,0.488,2.756,2.973,2.396,1.665,1.841,1.162,1.31,1.433
Jul 2024–Jun 2025,2024/25,Darts,0.161,0.229,0.093,0.156,0.201,0.148,0.246,0.079,0.207,0.111
Jul 2024–Jun 2025,2024/25,Diving,0.051,0.065,0.037,0.0,0.131,0.077,0.04,0.057,0.037,0.009
Jul 2024–Jun 2025,2024/25,Dodgeball,0.069,0.061,0.078,0.571,0.068,0.1,0.094,0.0,0.015,0.0
Jul 2024–Jun 2025,2024/25,Dragon boat racing,0.069,0.057,0.08,0.0,0.0,0.071,0.041,0.076,0.157,0.075
Jul 2024–Jun 2025,2024/25,Eight ball,0.028,0.034,0.023,0.0,0.045,0.064,0.0,0.016,0.027,0.027
Jul 2024–Jun 2025,2024/25,Equestrian,0.475,0.142,0.793,0.361,0.67,0.679,0.588,0.449,0.528,0.113
Jul 2024–Jun 2025,2024/25,eSports,0.259,0.383,0.128,0.539,0.633,0.44,0.361,0.089,0.06,0.015
Jul 2024–Jun 2025,2024/25,Fencing,0.062,0.076,0.048,0.365,0.136,0.048,0.044,0.05,0.017,0.022
Jul 2024–Jun 2025,2024/25,Fishing (recreational),1.264,1.968,0.583,1.095,0.754,1.094,1.09,1.779,1.776,1.149
Jul 2024–Jun 2025,2024/25,Fitness/Gym,31.364,30.021,32.758,31.49,38.927,39.209,33.348,30.225,26.723,22.901
Jul 2024–Jun 2025,2024/25,Floorball,0.009,0.014,0.005,0.0,0.023,0.026,0.013,0.0,0.0,0.0
Jul 2024–Jun 2025,2024/25,Flying disc,0.247,0.313,0.182,0.489,0.538,0.405,0.278,0.152,0.127,0.03
Jul 2024–Jun 2025,2024/25,Football/soccer,5.502,8.717,2.415,18.131,12.263,8.616,6.522,3.463,1.111,0.117
Jul 2024–Jun 2025,2024/25,Gaelic football,0.048,0.079,0.019,0.0,0.065,0.185,0.0,0.053,0.0,0.0
Jul 2024–Jun 2025,2024/25,Geocaching,0.023,0.024,0.022,0.0,0.048,0.0,0.04,0.015,0.063,0.0
Jul 2024–Jun 2025,2024/25,Goalball,0.017,0.031,0.003,0.169,0.015,0.028,0.017,0.0,0.0,0.0
Jul 2024–Jun 2025,2024/25,Golf,4.75,7.768,1.837,2.158,3.011,3.794,3.141,4.95,7.147,6.625
Jul 2024–Jun 2025,2024/25,Gridiron,0.052,0.081,0.025,0.0,0.194,0.095,0.044,0.027,0.015,0.0
Jul 2024–Jun 2025,2024/25,Guides,0.007,0.005,0.008,0.0,0.024,0.009,0.0,0.017,0.0,0.0
Jul 2024–Jun 2025,2024/25,Gymnastics,0.556,0.403,0.697,2.222,1.174,0.735,0.726,0.239,0.12,0.099
Jul 2024–Jun 2025,2024/25,Handball,0.142,0.179,0.107,1.079,0.345,0.16,0.092,0.063,0.0,0.009
Jul 2024–Jun 2025,2024/25,Harness racing,0.012,0.02,0.005,0.0,0.023,0.0,0.029,0.033,0.0,0.0
Jul 2024–Jun 2025,2024/25,Hockey,0.482,0.505,0.46,1.129,0.99,0.512,0.614,0.432,0.382,0.046
Jul 2024–Jun 2025,2024/25,Horse racing,0.037,0.029,0.045,0.179,0.0,0.054,0.079,0.03,0.0,0.007
Jul 2024–Jun 2025,2024/25,Ice hockey,0.065,0.09,0.042,0.357,0.145,0.026,0.105,0.029,0.046,0.0
Jul 2024–Jun 2025,2024/25,Ice racing/speed skating,0.012,0.015,0.009,0.0,0.044,0.0,0.0,0.046,0.0,0.0
Jul 2024–Jun 2025,2024/25,Ice skating,0.227,0.164,0.289,1.475,0.511,0.151,0.263,0.132,0.104,0.0
Jul 2024–Jun 2025,2024/25,Jet skiing,0.077,0.105,0.045,0.0,0.065,0.119,0.102,0.096,0.079,0.027
Jul 2024–Jun 2025,2024/25,Judo,0.053,0.059,0.047,0.194,0.159,0.041,0.047,0.033,0.034,0.008
Jul 2024–Jun 2025,2024/25,Jujitsu,0.183,0.303,0.068,0.147,0.206,0.383,0.384,0.103,0.016,0.008
Jul 2024–Jun 2025,2024/25,Karate,0.183,0.186,0.173,0.147,0.42,0.086,0.269,0.229,0.184,0.047
Jul 2024–Jun 2025,2024/25,Kendo,0.015,0.026,0.005,0.0,0.022,0.027,0.032,0.017,0.0,0.0
Jul 2024–Jun 2025,2024/25,Kitesurfing/kiteboarding,0.018,0.026,0.01,0.0,0.0,0.0,0.028,0.016,0.077,0.0
Jul 2024–Jun 2025,2024/25,Korfball,0.003,0.0,0.005,0.0,0.0,0.014,0.0,0.0,0.0,0.0
Jul 2024–Jun 2025,2024/25,Kung fu wushu,0.009,0.014,0.004,0.0,0.02,0.0,0.015,0.016,0.015,0.0
Jul 2024–Jun 2025,2024/25,Lacrosse,0.034,0.028,0.041,0.373,0.042,0.0,0.015,0.057,0.016,0.0
Jul 2024–Jun 2025,2024/25,Lifesaving royal,0.0,0.0,0.0,0.0,0.0,0.0,0.0,0.0,0.0,0.0
Jul 2024–Jun 2025,2024/25,Lifesaving surf,0.134,0.231,0.037,0.401,0.224,0.114,0.117,0.144,0.127,0.059
Jul 2024–Jun 2025,2024/25,Luging,0.002,0.0,0.004,0.0,0.0,0.012,0.0,0.0,0.0,0.0
Jul 2024–Jun 2025,2024/25,Marching,0.008,0.005,0.011,0.0,0.021,0.0,0.015,0.019,0.0,0.0
Jul 2024–Jun 2025,2024/25,Martial arts,0.565,0.45,0.68,0.661,0.57,0.4,0.306,0.539,0.45,0.99
Jul 2024–Jun 2025,2024/25,Mixed martial arts,0.065,0.087,0.044,0.0,0.202,0.14,0.053,0.06,0.0,0.0
Jul 2024–Jun 2025,2024/25,Modern pentathlon,0.002,0.005,0.0,0.0,0.0,0.013,0.0,0.0,0.0,0.0
Jul 2024–Jun 2025,2024/25,Motor cycling,1.054,1.539,0.585,1.629,1.26,1.398,1.008,1.097,1.24,0.413
Jul 2024–Jun 2025,2024/25,Motor sport,0.253,0.406,0.105,0.496,0.422,0.402,0.26,0.238,0.18,0.039
Jul 2024–Jun 2025,2024/25,Mountain biking,0.747,1.142,0.362,1.788,0.478,0.671,0.914,1.156,0.934,0.182
Jul 2024–Jun 2025,2024/25,Mountain climbing,0.14,0.159,0.124,0.184,0.187,0.187,0.182,0.182,0.089,0.038
Jul 2024–Jun 2025,2024/25,Muay Thai,0.135,0.152,0.121,0.211,0.399,0.293,0.122,0.048,0.0,0.009
Jul 2024–Jun 2025,2024/25,Netball,2.161,0.641,3.656,8.683,5.588,3.549,1.944,1.058,0.212,0.036
Jul 2024–Jun 2025,2024/25,Obstacle,0.05,0.037,0.062,0.439,0.043,0.046,0.076,0.029,0.0,0.0
Jul 2024–Jun 2025,2024/25,Orienteering,0.062,0.054,0.066,0.208,0.045,0.022,0.029,0.11,0.037,0.081
Jul 2024–Jun 2025,2024/25,Outrigger canoe,0.035,0.049,0.021,0.0,0.0,0.0,0.067,0.065,0.067,0.022
Jul 2024–Jun 2025,2024/25,Oztag,0.286,0.336,0.241,1.44,0.792,0.488,0.228,0.032,0.017,0.008
Jul 2024–Jun 2025,2024/25,Paddle sports,0.225,0.215,0.237,0.0,0.165,0.165,0.298,0.283,0.319,0.191
Jul 2024–Jun 2025,2024/25,Paintball,0.033,0.048,0.019,0.0,0.026,0.065,0.014,0.065,0.049,0.0
Jul 2024–Jun 2025,2024/25,Parkour,0.03,0.028,0.033,0.524,0.021,0.012,0.013,0.0,0.0,0.0
Jul 2024–Jun 2025,2024/25,Petanque,0.006,0.008,0.003,0.0,0.0,0.013,0.0,0.0,0.0,0.015
Jul 2024–Jun 2025,2024/25,Physical Culture,0.041,0.021,0.062,0.0,0.083,0.024,0.054,0.046,0.028,0.04
Jul 2024–Jun 2025,2024/25,Pickleball/padel,1.047,1.074,1.029,0.982,1.042,1.091,1.12,1.051,1.392,0.737
Jul 2024–Jun 2025,2024/25,Pilates,6.447,1.092,11.683,4.213,8.138,10.018,7.616,5.953,5.503,2.995
Jul 2024–Jun 2025,2024/25,Polo,0.0,0.0,0.0,0.0,0.0,0.0,0.0,0.0,0.0,0.0
Jul 2024–Jun 2025,2024/25,Polocrosse,0.004,0.005,0.004,0.0,0.0,0.0,0.026,0.0,0.0,0.0
Jul 2024–Jun 2025,2024/25,Pony Club,0.041,0.046,0.037,0.199,0.064,0.04,0.025,0.033,0.035,0.018
Jul 2024–Jun 2025,2024/25,Powerlifting,0.053,0.056,0.045,0.0,0.11,0.112,0.07,0.057,0.0,0.0
Jul 2024–Jun 2025,2024/25,Ready Steady Go Kids,0.01,0.011,0.009,0.0,0.021,0.017,0.028,0.0,0.0,0.0
Jul 2024–Jun 2025,2024/25,Rock climbing/Abseiling/Caving,0.468,0.534,0.396,2.285,0.655,0.749,0.499,0.284,0.125,0.072
Jul 2024–Jun 2025,2024/25,Rodeo,0.0,0.0,0.0,0.0,0.0,0.0,0.0,0.0,0.0,0.0
Jul 2024–Jun 2025,2024/25,Rogaining,0.017,0.017,0.017,0.0,0.024,0.009,0.017,0.03,0.026,0.008
Jul 2024–Jun 2025,2024/25,Roller Derby,0.011,0.014,0.005,0.0,0.0,0.013,0.045,0.0,0.011,0.0
Jul 2024–Jun 2025,2024/25,Rope skipping,0.259,0.2,0.316,1.079,0.378,0.284,0.378,0.231,0.126,0.013
Jul 2024–Jun 2025,2024/25,Rowing,0.568,0.701,0.446,0.715,0.27,0.524,0.59,0.796,0.926,0.316
Jul 2024–Jun 2025,2024/25,Rugby league,0.744,1.226,0.284,2.521,1.734,1.409,0.656,0.402,0.098,0.016
Jul 2024–Jun 2025,2024/25,Rugby union,0.36,0.609,0.122,1.362,0.986,0.548,0.283,0.159,0.124,0.017
Jul 2024–Jun 2025,2024/25,Running/jogging,16.283,18.617,14.06,25.23,25.714,27.62,21.224,15.104,8.072,1.932
Jul 2024–Jun 2025,2024/25,Sailing,0.36,0.503,0.221,0.295,0.196,0.162,0.243,0.436,0.689,0.453
Jul 2024–Jun 2025,2024/25,Scootering,0.147,0.12,0.169,0.173,0.123,0.148,0.383,0.177,0.052,0.0
Jul 2024–Jun 2025,2024/25,Scouts,0.028,0.049,0.009,0.474,0.066,0.0,0.0,0.0,0.0,0.0
Jul 2024–Jun 2025,2024/25,Sepak takraw,0.005,0.005,0.004,0.0,0.045,0.0,0.0,0.0,0.0,0.0
Jul 2024–Jun 2025,2024/25,Shooting/field,0.196,0.373,0.027,0.339,0.18,0.168,0.238,0.21,0.185,0.162
Jul 2024–Jun 2025,2024/25,Shooting/range,0.138,0.242,0.039,0.0,0.163,0.144,0.202,0.156,0.065,0.133
Jul 2024–Jun 2025,2024/25,Skate,0.412,0.385,0.419,0.88,0.832,0.677,0.529,0.336,0.137,0.008
Jul 2024–Jun 2025,2024/25,Skeleton,0.0,0.0,0.0,0.0,0.0,0.0,0.0,0.0,0.0,0.0
Jul 2024–Jun 2025,2024/25,Ski & snowboard,0.861,1.002,0.735,0.688,0.85,0.943,0.803,1.002,1.344,0.466
Jul 2024–Jun 2025,2024/25,Skirmish,0.003,0.007,0.0,0.0,0.0,0.0,0.02,0.0,0.0,0.0
Jul 2024–Jun 2025,2024/25,Softball,0.149,0.114,0.185,0.351,0.292,0.151,0.207,0.186,0.081,0.0
Jul 2024–Jun 2025,2024/25,Sport climbing,0.509,0.605,0.406,1.605,1.16,1.188,0.418,0.057,0.106,0.015
Jul 2024–Jun 2025,2024/25,Squash,0.448,0.684,0.219,0.686,0.477,0.674,0.497,0.492,0.389,0.155
Jul 2024–Jun 2025,2024/25,Surfing,1.373,1.713,1.046,2.109,1.197,1.541,1.72,1.734,1.606,0.47
Jul 2024–Jun 2025,2024/25,Swimming,15.306,14.188,16.387,18.642,15.98,16.467,17.767,16.373,16.323,9.815
Jul 2024–Jun 2025,2024/25,Sword fighting,0.011,0.005,0.017,0.0,0.046,0.023,0.0,0.0,0.0,0.008
Jul 2024–Jun 2025,2024/25,Synchronised swimming,0.061,0.066,0.057,0.0,0.148,0.106,0.093,0.054,0.014,0.0
Jul 2024–Jun 2025,2024/25,Table tennis,1.697,2.362,1.071,5.174,3.344,2.051,1.611,1.207,0.965,0.695
Jul 2024–Jun 2025,2024/25,Taekwondo/Taekwon-do,0.117,0.151,0.085,0.73,0.257,0.047,0.131,0.096,0.07,0.008
Jul 2024–Jun 2025,2024/25,Tee ball,0.023,0.042,0.004,0.0,0.068,0.066,0.013,0.01,0.0,0.0
Jul 2024–Jun 2025,2024/25,Tennis,5.145,5.982,4.372,8.928,7.64,6.614,5.601,5.302,3.354,2.469
Jul 2024–Jun 2025,2024/25,Tenpin bowling,0.62,0.693,0.556,0.914,0.735,0.747,0.725,0.536,0.528,0.421
Jul 2024–Jun 2025,2024/25,Tobogganing,0.0,0.0,0.0,0.0,0.0,0.0,0.0,0.0,0.0,0.0
Jul 2024–Jun 2025,2024/25,Touch football,0.741,0.985,0.513,2.105,1.671,1.448,0.568,0.472,0.231,0.025
Jul 2024–Jun 2025,2024/25,Triathlon,0.099,0.133,0.068,0.0,0.113,0.15,0.141,0.166,0.082,0.0
Jul 2024–Jun 2025,2024/25,Underwater sports,0.849,0.874,0.829,0.385,0.555,1.098,1.053,0.945,1.146,0.459
Jul 2024–Jun 2025,2024/25,Virtual based physical activity,0.914,0.962,0.861,3.29,1.97,1.317,0.826,0.67,0.372,0.111
Jul 2024–Jun 2025,2024/25,Volleyball (indoor and outdoor),1.301,1.473,1.14,9.496,3.441,1.631,0.763,0.321,0.154,0.046
Jul 2024–Jun 2025,2024/25,Walking (Recreational),50.146,42.147,57.984,31.456,33.758,41.412,47.608,58.218,64.953,56.774
Jul 2024–Jun 2025,2024/25,Water polo,0.095,0.139,0.054,0.199,0.253,0.115,0.06,0.083,0.063,0.032
Jul 2024–Jun 2025,2024/25,Waterskiing/Wakeboarding,0.187,0.217,0.16,0.0,0.324,0.252,0.177,0.254,0.195,0.054
Jul 2024–Jun 2025,2024/25,Weight lifting,1.456,1.634,1.261,1.42,2.031,2.358,1.623,1.236,1.181,0.589
Jul 2024–Jun 2025,2024/25,Wheelchair rugby,0.009,0.005,0.013,0.0,0.022,0.025,0.0,0.0,0.014,0.0
Jul 2024–Jun 2025,2024/25,Wood chopping,0.036,0.067,0.006,0.0,0.02,0.0,0.061,0.02,0.065,0.054
Jul 2024–Jun 2025,2024/25,Wrestling,0.054,0.092,0.013,0.147,0.11,0.11,0.041,0.059,0.0,0.0
Jul 2024–Jun 2025,2024/25,Yoga,4.976,1.424,8.432,3.124,3.343,6.43,6.408,6.011,5.084,2.997
Jan–Dec 2025,2025,Adventure racing,0.072,0.086,0.051,0.0,0.19,0.13,0.098,0.065,0.0,0.007
Jan–Dec 2025,2025,Air sports,0.224,0.313,0.14,0.352,0.506,0.39,0.216,0.122,0.117,0.056
Jan–Dec 2025,2025,Archery,0.179,0.243,0.119,0.283,0.161,0.293,0.276,0.192,0.108,0.029
Jan–Dec 2025,2025,"Athletics, track and field",1.318,1.739,0.921,5.753,2.925,2.133,1.076,0.598,0.316,0.198
Jan–Dec 2025,2025,Australian football,2.417,3.807,1.084,6.035,6.006,4.751,2.073,1.381,0.447,0.075
Jan–Dec 2025,2025,Badminton,1.886,2.227,1.559,9.07,4.186,2.968,1.727,0.815,0.307,0.149
Jan–Dec 2025,2025,Baseball,0.309,0.467,0.159,0.715,0.545,0.474,0.396,0.367,0.055,0.015
Jan–Dec 2025,2025,Basketball,4.526,6.836,2.303,17.279,11.687,6.163,4.837,2.617,0.784,0.21
Jan–Dec 2025,2025,Baton twirling,0.012,0.015,0.008,0.0,0.021,0.024,0.0,0.035,0.0,0.0
Jan–Dec 2025,2025,Biathlon,0.006,0.012,0.0,0.0,0.027,0.0,0.017,0.0,0.0,0.0
Jan–Dec 2025,2025,Billiards/Snooker/Pool,0.304,0.425,0.189,0.425,0.392,0.486,0.274,0.253,0.259,0.166
Jan–Dec 2025,2025,BMX,0.028,0.032,0.025,0.0,0.042,0.025,0.061,0.057,0.0,0.0
Jan–Dec 2025,2025,Bobsledding,0.002,0.0,0.004,0.0,0.0,0.0,0.0,0.013,0.0,0.0
Jan–Dec 2025,2025,Bocce/Boules,0.014,0.013,0.015,0.0,0.0,0.0,0.036,0.0,0.045,0.008
Jan–Dec 2025,2025,Boccia,0.0,0.0,0.0,0.0,0.0,0.0,0.0,0.0,0.0,0.0
Jan–Dec 2025,2025,Body building,0.041,0.076,0.008,0.0,0.1,0.132,0.018,0.0,0.0,0.016
Jan–Dec 2025,2025,Boomerang throwing,0.015,0.031,0.0,0.21,0.0,0.014,0.018,0.0,0.0,0.0
Jan–Dec 2025,2025,Bowls,0.834,1.11,0.575,0.147,0.093,0.288,0.238,0.425,1.007,2.494
Jan–Dec 2025,2025,Boxing,0.848,0.972,0.728,0.982,1.753,1.571,0.961,0.745,0.319,0.054
Jan–Dec 2025,2025,Broomball,0.002,0.0,0.005,0.0,0.0,0.0,0.014,0.0,0.0,0.0
Jan–Dec 2025,2025,Bush walking,17.468,16.302,18.6,14.605,17.332,20.301,21.448,19.691,19.549,9.568
Jan–Dec 2025,2025,Calisthenics,0.359,0.557,0.171,1.226,0.688,0.519,0.332,0.251,0.178,0.085
Jan–Dec 2025,2025,Campdrafting,0.013,0.005,0.021,0.0,0.028,0.046,0.0,0.0,0.0,0.008
Jan–Dec 2025,2025,Canoeing/Kayaking,0.997,1.034,0.959,0.664,0.638,0.972,1.127,1.254,1.476,0.676
Jan–Dec 2025,2025,Circus,0.034,0.01,0.057,0.206,0.049,0.082,0.026,0.0,0.0,0.0
Jan–Dec 2025,2025,Cricket,2.492,4.249,0.796,8.431,4.83,3.543,2.674,1.969,0.991,0.309
Jan–Dec 2025,2025,Croquet,0.088,0.072,0.105,0.0,0.015,0.015,0.014,0.0,0.044,0.359
Jan–Dec 2025,2025,Crossfit/Functional fitness,0.648,0.547,0.747,0.159,0.493,1.295,1.08,0.634,0.397,0.099
Jan–Dec 2025,2025,Curling,0.01,0.011,0.009,0.0,0.0,0.0,0.057,0.0,0.0,0.0
Jan–Dec 2025,2025,Cycling,8.294,10.432,6.252,6.657,5.59,7.121,9.259,11.588,11.952,5.576
Jan–Dec 2025,2025,DanceSport,1.123,0.276,1.916,3.709,2.579,1.262,1.05,0.701,0.656,0.356
Jan–Dec 2025,2025,Dancing (recreational),1.629,0.491,2.717,2.626,2.418,1.894,1.703,1.229,1.136,1.321
Jan–Dec 2025,2025,Darts,0.162,0.216,0.112,0.0,0.266,0.137,0.164,0.167,0.211,0.128
Jan–Dec 2025,2025,Diving,0.05,0.065,0.036,0.0,0.189,0.034,0.043,0.033,0.051,0.017
Jan–Dec 2025,2025,Dodgeball,0.077,0.072,0.082,0.492,0.143,0.161,0.06,0.0,0.0,0.0
Jan–Dec 2025,2025,Dragon boat racing,0.07,0.058,0.082,0.0,0.033,0.036,0.069,0.083,0.149,0.073
Jan–Dec 2025,2025,Eight ball,0.027,0.03,0.024,0.0,0.085,0.043,0.0,0.011,0.021,0.027
Jan–Dec 2025,2025,Equestrian,0.442,0.141,0.738,0.546,0.682,0.573,0.445,0.411,0.592,0.103
Jan–Dec 2025,2025,eSports,0.211,0.324,0.089,0.133,0.735,0.396,0.171,0.109,0.044,0.008
Jan–Dec 2025,2025,Fencing,0.045,0.051,0.04,0.145,0.158,0.06,0.0,0.051,0.0,0.016
Jan–Dec 2025,2025,Fishing (recreational),1.07,1.694,0.466,1.074,0.664,0.927,0.964,1.439,1.553,0.918
Jan–Dec 2025,2025,Fitness/Gym,34.102,33.102,35.078,37.322,43.441,42.064,36.393,32.926,29.525,23.683
Jan–Dec 2025,2025,Floorball,0.028,0.028,0.029,0.165,0.053,0.045,0.041,0.0,0.0,0.0
Jan–Dec 2025,2025,Flying disc,0.249,0.292,0.205,0.678,0.698,0.357,0.199,0.173,0.099,0.023
Jan–Dec 2025,2025,Football/soccer,5.624,8.871,2.499,17.015,12.326,9.355,6.942,3.278,0.955,0.136
Jan–Dec 2025,2025,Gaelic football,0.063,0.1,0.028,0.0,0.106,0.212,0.03,0.053,0.0,0.0
Jan–Dec 2025,2025,Geocaching,0.032,0.035,0.025,0.0,0.023,0.015,0.069,0.031,0.051,0.017
Jan–Dec 2025,2025,Goalball,0.01,0.021,0.0,0.167,0.0,0.0,0.016,0.0,0.0,0.0
Jan–Dec 2025,2025,Golf,4.563,7.555,1.685,2.375,2.76,3.539,3.403,4.833,6.889,6.087
Jan–Dec 2025,2025,Gridiron,0.045,0.073,0.019,0.264,0.142,0.045,0.03,0.021,0.015,0.0
Jan–Dec 2025,2025,Guides,0.004,0.0,0.008,0.0,0.0,0.009,0.015,0.0,0.0,0.0
Jan–Dec 2025,2025,Gymnastics,0.54,0.332,0.742,2.5,1.056,0.726,0.693,0.152,0.16,0.09
Jan–Dec 2025,2025,Handball,0.114,0.114,0.116,1.117,0.214,0.164,0.03,0.034,0.012,0.0
Jan–Dec 2025,2025,Harness racing,0.011,0.022,0.0,0.0,0.023,0.0,0.014,0.033,0.0,0.004
Jan–Dec 2025,2025,Hockey,0.512,0.507,0.522,1.629,0.985,0.584,0.632,0.45,0.267,0.072
Jan–Dec 2025,2025,Horse racing,0.024,0.038,0.012,0.0,0.035,0.053,0.013,0.049,0.0,0.007
Jan–Dec 2025,2025,Ice hockey,0.061,0.078,0.044,0.344,0.115,0.041,0.095,0.047,0.015,0.0
Jan–Dec 2025,2025,Ice racing/speed skating,0.007,0.01,0.004,0.0,0.023,0.0,0.0,0.03,0.0,0.0
Jan–Dec 2025,2025,Ice skating,0.214,0.103,0.314,1.661,0.389,0.233,0.17,0.112,0.069,0.0
Jan–Dec 2025,2025,Jet skiing,0.067,0.111,0.025,0.0,0.073,0.061,0.105,0.072,0.119,0.016
Jan–Dec 2025,2025,Judo,0.066,0.052,0.081,0.494,0.118,0.084,0.031,0.046,0.018,0.008
Jan–Dec 2025,2025,Jujitsu,0.17,0.284,0.062,0.377,0.247,0.294,0.334,0.088,0.015,0.007
Jan–Dec 2025,2025,Karate,0.186,0.237,0.139,0.418,0.431,0.097,0.282,0.126,0.166,0.064
Jan–Dec 2025,2025,Kendo,0.03,0.047,0.014,0.125,0.054,0.038,0.027,0.033,0.014,0.0
Jan–Dec 2025,2025,Kitesurfing/kiteboarding,0.013,0.021,0.006,0.0,0.0,0.0,0.025,0.035,0.027,0.0
Jan–Dec 2025,2025,Korfball,0.005,0.005,0.005,0.0,0.0,0.029,0.0,0.0,0.0,0.0
Jan–Dec 2025,2025,Kung fu wushu,0.009,0.009,0.01,0.0,0.02,0.0,0.0,0.035,0.015,0.0
Jan–Dec 2025,2025,Lacrosse,0.03,0.025,0.036,0.206,0.074,0.023,0.015,0.028,0.016,0.0
Jan–Dec 2025,2025,Lifesaving royal,0.005,0.011,0.0,0.0,0.023,0.015,0.0,0.0,0.0,0.0
Jan–Dec 2025,2025,Lifesaving surf,0.13,0.198,0.065,0.494,0.105,0.096,0.153,0.14,0.168,0.044
Jan–Dec 2025,2025,Luging,0.0,0.0,0.0,0.0,0.0,0.0,0.0,0.0,0.0,0.0
Jan–Dec 2025,2025,Marching,0.012,0.015,0.009,0.0,0.021,0.015,0.0,0.019,0.029,0.0
Jan–Dec 2025,2025,Martial arts,0.626,0.552,0.703,0.649,0.736,0.514,0.278,0.532,0.477,1.105
Jan–Dec 2025,2025,Mixed martial arts,0.093,0.13,0.058,0.125,0.342,0.075,0.069,0.165,0.0,0.0
Jan–Dec 2025,2025,Modern pentathlon,0.003,0.006,0.0,0.0,0.0,0.017,0.0,0.0,0.0,0.0
Jan–Dec 2025,2025,Motor cycling,0.947,1.376,0.521,1.502,0.979,1.41,0.91,0.792,1.113,0.446
Jan–Dec 2025,2025,Motor sport,0.254,0.404,0.094,0.739,0.398,0.422,0.212,0.18,0.217,0.042
Jan–Dec 2025,2025,Mountain biking,0.726,1.182,0.285,1.716,0.485,0.612,0.966,1.211,0.714,0.209
Jan–Dec 2025,2025,Mountain climbing,0.099,0.131,0.069,0.082,0.122,0.129,0.152,0.122,0.087,0.014
Jan–Dec 2025,2025,Muay Thai,0.166,0.195,0.139,0.327,0.635,0.271,0.126,0.049,0.031,0.0
Jan–Dec 2025,2025,Netball,2.107,0.685,3.495,8.141,5.525,3.062,2.13,1.156,0.307,0.052
Jan–Dec 2025,2025,Obstacle,0.056,0.04,0.073,0.435,0.02,0.06,0.076,0.074,0.0,0.0
Jan–Dec 2025,2025,Orienteering,0.07,0.068,0.073,0.351,0.06,0.012,0.104,0.094,0.047,0.036
Jan–Dec 2025,2025,Outrigger canoe,0.027,0.033,0.021,0.0,0.0,0.013,0.045,0.05,0.036,0.022
Jan–Dec 2025,2025,Oztag,0.223,0.248,0.202,0.964,0.763,0.382,0.127,0.033,0.0,0.008
Jan–Dec 2025,2025,Paddle sports,0.209,0.205,0.214,0.0,0.109,0.211,0.209,0.247,0.347,0.185
Jan–Dec 2025,2025,Paintball,0.012,0.015,0.009,0.0,0.026,0.012,0.015,0.015,0.017,0.0
Jan–Dec 2025,2025,Parkour,0.022,0.01,0.035,0.351,0.024,0.011,0.013,0.0,0.0,0.0
Jan–Dec 2025,2025,Petanque,0.003,0.0,0.006,0.0,0.0,0.0,0.0,0.0,0.0,0.016
Jan–Dec 2025,2025,Physical Culture,0.061,0.023,0.098,0.0,0.0,0.036,0.053,0.031,0.055,0.158
Jan–Dec 2025,2025,Pickleball/padel,1.314,1.324,1.311,0.904,1.422,1.547,1.367,1.528,1.673,0.717
Jan–Dec 2025,2025,Pilates,7.181,1.207,12.993,3.749,8.757,11.019,8.713,7.13,6.259,3.191
Jan–Dec 2025,2025,Polo,0.001,0.003,0.0,0.0,0.0,0.0,0.0,0.0,0.0,0.007
Jan–Dec 2025,2025,Polocrosse,0.004,0.005,0.004,0.0,0.0,0.0,0.026,0.0,0.0,0.0
Jan–Dec 2025,2025,Pony Club,0.046,0.028,0.059,0.197,0.106,0.052,0.057,0.011,0.018,0.009
Jan–Dec 2025,2025,Powerlifting,0.042,0.05,0.035,0.0,0.094,0.075,0.056,0.017,0.046,0.0
Jan–Dec 2025,2025,Ready Steady Go Kids,0.008,0.006,0.009,0.0,0.021,0.017,0.013,0.0,0.0,0.0
Jan–Dec 2025,2025,Rock climbing/Abseiling/Caving,0.457,0.534,0.36,1.791,0.978,0.604,0.545,0.249,0.159,0.046
Jan–Dec 2025,2025,Rodeo,0.003,0.0,0.005,0.0,0.024,0.0,0.0,0.0,0.0,0.0
Jan–Dec 2025,2025,Rogaining,0.022,0.029,0.015,0.0,0.04,0.018,0.0,0.045,0.03,0.015
Jan–Dec 2025,2025,Roller Derby,0.013,0.013,0.014,0.0,0.0,0.0,0.044,0.017,0.011,0.009
Jan–Dec 2025,2025,Rope skipping,0.248,0.184,0.307,0.442,0.38,0.426,0.297,0.188,0.193,0.021
Jan–Dec 2025,2025,Rowing,0.585,0.687,0.488,0.952,0.413,0.517,0.512,0.709,0.847,0.457
Jan–Dec 2025,2025,Rugby league,0.763,1.209,0.338,3.236,1.689,1.392,0.681,0.369,0.071,0.013
Jan–Dec 2025,2025,Rugby union,0.374,0.603,0.155,1.386,0.913,0.617,0.291,0.18,0.126,0.037
Jan–Dec 2025,2025,Running/jogging,16.525,18.975,14.157,26.574,26.653,27.663,20.854,15.772,8.462,1.838
Jan–Dec 2025,2025,Sailing,0.327,0.459,0.202,0.299,0.135,0.166,0.219,0.362,0.687,0.4
Jan–Dec 2025,2025,Scootering,0.085,0.093,0.078,0.0,0.049,0.071,0.275,0.105,0.011,0.015
Jan–Dec 2025,2025,Scouts,0.022,0.034,0.01,0.251,0.072,0.0,0.015,0.0,0.0,0.0
Jan–Dec 2025,2025,Sepak takraw,0.003,0.005,0.0,0.0,0.024,0.0,0.0,0.0,0.0,0.0
Jan–Dec 2025,2025,Shooting/field,0.203,0.377,0.037,0.316,0.114,0.327,0.219,0.227,0.153,0.123
Jan–Dec 2025,2025,Shooting/range,0.136,0.228,0.047,0.0,0.082,0.193,0.211,0.141,0.091,0.107
Jan–Dec 2025,2025,Skate,0.396,0.386,0.375,1.194,0.663,0.6,0.475,0.429,0.115,0.007
Jan–Dec 2025,2025,Skeleton,0.0,0.0,0.0,0.0,0.0,0.0,0.0,0.0,0.0,0.0
Jan–Dec 2025,2025,Ski & snowboard,0.812,0.964,0.671,0.269,0.675,0.893,0.817,1.007,1.4,0.404
Jan–Dec 2025,2025,Skirmish,0.003,0.0,0.005,0.0,0.0,0.0,0.015,0.0,0.0,0.0
Jan–Dec 2025,2025,Softball,0.136,0.116,0.153,0.307,0.238,0.18,0.16,0.106,0.153,0.0
Jan–Dec 2025,2025,Sport climbing,0.542,0.664,0.411,1.379,1.335,1.255,0.492,0.044,0.119,0.009
Jan–Dec 2025,2025,Squash,0.39,0.569,0.216,0.359,0.344,0.579,0.461,0.435,0.413,0.155
Jan–Dec 2025,2025,Surfing,1.385,1.731,1.059,2.218,1.269,1.566,1.818,1.768,1.353,0.511
Jan–Dec 2025,2025,Swimming,15.39,14.513,16.263,17.616,16.339,16.584,18.312,16.664,15.991,9.735
Jan–Dec 2025,2025,Sword fighting,0.023,0.016,0.025,0.0,0.099,0.056,0.0,0.0,0.0,0.008
Jan–Dec 2025,2025,Synchronised swimming,0.052,0.061,0.044,0.0,0.071,0.104,0.076,0.074,0.014,0.0
Jan–Dec 2025,2025,Table tennis,1.79,2.534,1.08,6.543,3.295,2.298,1.613,1.44,0.94,0.508
Jan–Dec 2025,2025,Taekwondo/Taekwon-do,0.115,0.147,0.085,0.882,0.213,0.094,0.056,0.101,0.053,0.016
Jan–Dec 2025,2025,Tee ball,0.012,0.021,0.004,0.0,0.056,0.023,0.012,0.0,0.0,0.0
Jan–Dec 2025,2025,Tennis,4.941,5.842,4.103,9.45,7.484,6.476,5.281,5.269,3.289,1.915
Jan–Dec 2025,2025,Tenpin bowling,0.629,0.655,0.61,1.064,0.815,0.516,0.685,0.644,0.699,0.434
Jan–Dec 2025,2025,Tobogganing,0.002,0.0,0.005,0.0,0.0,0.0,0.0,0.016,0.0,0.0
Jan–Dec 2025,2025,Touch football,0.712,0.918,0.518,2.335,1.549,1.213,0.562,0.505,0.26,0.064
Jan–Dec 2025,2025,Triathlon,0.143,0.184,0.105,0.288,0.169,0.19,0.22,0.228,0.034,0.008
Jan–Dec 2025,2025,Underwater sports,0.836,0.836,0.844,0.722,0.679,1.049,1.09,0.817,1.137,0.369
Jan–Dec 2025,2025,Virtual based physical activity,0.95,0.966,0.921,3.748,1.745,1.427,0.827,0.697,0.272,0.252
Jan–Dec 2025,2025,Volleyball (indoor and outdoor),1.307,1.55,1.057,10.113,3.406,1.582,0.677,0.35,0.136,0.06
Jan–Dec 2025,2025,Walking (Recreational),50.204,42.494,57.753,30.348,34.194,41.86,47.548,58.668,66.032,55.822
Jan–Dec 2025,2025,Water polo,0.092,0.122,0.064,0.462,0.226,0.115,0.031,0.1,0.036,0.007
Jan–Dec 2025,2025,Waterskiing/Wakeboarding,0.15,0.171,0.132,0.0,0.243,0.19,0.135,0.187,0.232,0.032
Jan–Dec 2025,2025,Weight lifting,0.982,1.073,0.876,0.77,1.566,1.6,1.094,0.857,0.691,0.382
Jan–Dec 2025,2025,Wheelchair rugby,0.002,0.0,0.005,0.0,0.0,0.0,0.013,0.0,0.0,0.0
Jan–Dec 2025,2025,Wood chopping,0.033,0.056,0.011,0.0,0.02,0.0,0.027,0.053,0.065,0.045
Jan–Dec 2025,2025,Wrestling,0.04,0.06,0.018,0.0,0.091,0.094,0.04,0.044,0.0,0.0
Jan–Dec 2025,2025,Yoga,5.072,1.59,8.466,2.598,3.606,6.426,6.284,6.106,5.569,3.165
