state,activity,total_pct,male_pct,female_pct,age_15_17,age_18_24,age_25_34,age_35_44,age_45_54,age_55_64,age_65plus,gender_gap
ACT,Walking (Recreational),56.63,47.51,66.56,23.61,41.35,51.95,52.74,68.4,69.14,64.89,-19.050000000000004
ACT,Fitness/Gym,40.46,35.88,45.62,49.06,48.48,39.65,44.29,38.32,32.62,38.38,-9.739999999999995
ACT,Bush walking,24.52,20.85,28.34,0.0,23.69,27.89,26.45,30.64,25.08,13.51,-7.489999999999998
ACT,Running/jogging,23.02,25.79,20.49,23.61,37.41,33.91,25.37,22.02,9.97,2.02,5.300000000000001
ACT,Swimming,17.47,13.88,20.98,26.23,16.44,19.56,16.21,22.9,16.89,9.65,-7.1
ACT,Cycling,14.06,16.11,12.25,0.0,6.38,12.39,18.67,16.67,20.3,9.48,3.8599999999999994
ACT,Pilates,8.94,1.03,17.42,0.0,10.99,10.58,9.71,6.43,12.11,3.17,-16.39
ACT,Football/soccer,5.95,7.72,4.23,11.42,15.99,8.05,6.4,2.02,1.77,0.0,3.4899999999999993
ACT,Yoga,5.39,2.36,8.76,0.0,3.76,8.58,4.47,5.33,6.98,1.59,-6.4
ACT,Basketball,4.47,6.73,1.79,0.0,14.18,5.43,4.86,1.89,1.16,0.5,4.94
ACT,Australian football,1.39,2.23,0.53,0.0,3.2,2.3,1.47,1.21,0.0,0.0,1.7
ACT,Golf,4.63,7.08,1.74,11.42,0.84,3.31,4.08,6.13,6.33,6.56,5.34
ACT,Tennis,5.16,5.42,5.02,14.09,7.74,7.21,4.24,4.09,2.76,2.61,0.40000000000000036
ACT,Netball,1.97,0.95,2.92,0.0,6.17,3.32,0.5,1.99,0.48,0.0,-1.97
ACT,Cricket,1.44,2.28,0.6,0.0,3.97,2.04,1.11,1.32,0.54,0.0,1.6799999999999997
ACT,Dancing (recreational),1.37,0.28,2.57,0.0,3.78,0.67,0.44,1.21,2.06,1.48,-2.29
ACT,Surfing,0.93,1.11,0.77,0.0,1.64,0.4,0.49,1.31,2.36,0.0,0.3400000000000001
ACT,Table tennis,2.13,3.08,1.17,14.09,3.64,3.19,1.56,0.76,0.55,0.61,1.9100000000000001
ACT,Volleyball (indoor and outdoor),0.82,0.93,0.73,0.0,2.33,0.7,1.44,0.0,0.56,0.0,0.20000000000000007
ACT,Weight lifting,1.96,2.08,1.89,0.0,3.8,3.99,0.0,3.5,0.56,0.0,0.19000000000000017
ACT,Bowls,0.29,0.58,0.0,0.0,0.64,0.0,0.0,0.0,0.55,1.05,0.58
ACT,Badminton,2.54,2.67,2.47,11.42,5.33,4.82,1.56,0.0,0.48,0.61,0.19999999999999973
ACT,Motor cycling,0.58,0.52,0.65,0.0,0.0,0.68,0.41,1.31,0.54,0.56,-0.13
ACT,Underwater sports,1.32,0.89,1.81,0.0,0.0,1.13,1.8,2.71,1.65,0.5,-0.92
ACT,Pickleball/padel,1.03,0.87,1.22,0.0,1.45,1.36,0.95,0.0,1.78,0.49,-0.35
NT,Walking (Recreational),49.04,35.71,60.21,26.01,44.59,38.52,46.14,60.52,63.6,55.01,-24.5
NT,Fitness/Gym,44.44,45.86,43.24,36.16,49.01,54.7,53.02,38.53,29.44,25.05,2.6199999999999974
NT,Bush walking,19.23,14.54,23.17,18.91,15.41,23.36,15.77,28.33,15.71,9.66,-8.630000000000003
NT,Running/jogging,20.24,21.3,19.34,26.01,37.13,33.04,19.52,13.98,4.73,1.88,1.9600000000000009
NT,Swimming,20.12,14.56,24.78,44.92,11.36,28.75,20.23,20.29,9.62,12.12,-10.22
NT,Cycling,14.28,14.34,14.22,0.0,11.56,14.73,12.13,25.55,10.38,13.0,0.11999999999999922
NT,Pilates,6.55,0.42,11.69,0.0,2.58,10.65,9.16,4.06,3.48,3.97,-11.27
NT,Football/soccer,5.26,9.06,2.07,18.96,4.87,9.88,6.48,1.17,0.0,0.0,6.99
NT,Yoga,8.1,2.06,13.16,0.0,0.0,11.15,12.03,11.58,2.2,3.75,-11.1
NT,Basketball,5.55,8.81,2.83,18.96,11.05,8.99,4.55,2.44,1.37,0.0,5.98
NT,Australian football,4.04,6.45,2.02,18.96,9.57,7.64,0.94,1.25,1.37,0.0,4.43
NT,Golf,5.42,7.04,4.07,26.01,4.37,2.25,3.59,8.79,4.89,7.87,2.9699999999999998
NT,Tennis,3.93,3.89,3.96,0.0,7.25,6.49,1.87,4.05,2.68,1.88,-0.06999999999999984
NT,Netball,2.67,0.9,4.15,0.0,7.67,6.17,1.75,0.0,0.0,0.0,-3.2500000000000004
NT,Cricket,2.56,5.61,0.0,17.2,4.2,4.15,0.91,1.18,1.12,0.0,5.61
NT,Dancing (recreational),1.2,0.51,1.77,0.0,1.99,0.0,2.93,0.0,2.18,0.0,-1.26
NT,Surfing,0.59,1.3,0.0,0.0,0.0,0.0,1.88,0.0,0.0,1.86,1.3
NT,Table tennis,1.89,2.8,1.12,18.96,4.57,2.56,0.0,0.0,1.37,0.0,1.6799999999999997
NT,Volleyball (indoor and outdoor),3.02,1.83,4.03,0.0,11.05,3.8,3.63,1.22,0.0,0.0,-2.2
NT,Weight lifting,1.16,0.83,1.43,0.0,0.0,1.48,0.0,3.73,1.31,0.0,-0.6
NT,Bowls,0.98,1.49,0.55,0.0,0.0,2.18,0.0,0.0,1.09,3.29,0.94
NT,Badminton,1.45,1.23,1.64,17.2,4.37,1.35,0.0,0.0,0.0,1.87,-0.4099999999999999
NT,Motor cycling,1.61,3.15,0.31,0.0,0.0,0.68,1.85,2.62,3.93,0.0,2.84
NT,Underwater sports,1.87,1.95,1.81,0.0,2.58,2.57,1.85,1.3,2.34,0.0,0.1399999999999999
NT,Pickleball/padel,0.54,0.43,0.64,0.0,0.0,0.74,0.0,0.0,2.4,0.0,-0.21000000000000002
TAS,Walking (Recreational),52.85,42.34,63.12,22.94,32.76,49.54,49.98,57.4,63.47,58.91,-20.779999999999994
TAS,Fitness/Gym,29.94,27.68,32.07,15.25,36.96,44.82,33.13,26.99,28.44,17.43,-4.390000000000001
TAS,Bush walking,26.53,24.92,27.88,16.92,27.73,32.24,32.08,24.89,28.67,17.5,-2.9599999999999973
TAS,Running/jogging,17.81,20.62,14.89,30.82,35.35,28.49,23.6,15.27,10.67,2.47,5.73
TAS,Swimming,14.78,10.64,18.63,9.21,14.78,16.81,13.85,16.27,18.5,10.19,-7.989999999999998
TAS,Cycling,9.22,10.29,8.26,7.55,8.05,9.8,7.38,11.61,10.65,7.99,2.0299999999999994
TAS,Pilates,4.87,1.03,8.76,0.0,4.0,8.49,4.54,4.54,5.33,3.05,-7.7299999999999995
TAS,Football/soccer,3.83,6.15,1.56,15.11,11.25,6.95,5.9,0.91,0.0,0.0,4.59
TAS,Yoga,4.97,1.39,8.61,9.21,1.48,6.79,5.1,6.46,4.61,3.59,-7.22
TAS,Basketball,3.62,5.13,1.98,16.43,10.38,6.79,3.73,0.91,0.44,0.58,3.15
TAS,Australian football,3.21,4.27,2.19,16.76,11.76,5.03,2.39,1.64,0.37,0.0,2.0799999999999996
TAS,Golf,4.93,8.17,1.73,0.0,3.27,4.95,4.49,5.78,7.38,3.93,6.4399999999999995
TAS,Tennis,3.7,4.12,3.05,0.0,7.19,4.68,2.9,2.62,4.77,2.23,1.0700000000000003
TAS,Netball,1.77,0.3,3.27,16.26,6.37,1.93,1.52,0.49,0.0,0.0,-2.97
TAS,Cricket,2.29,3.19,1.42,16.76,6.78,4.8,0.88,0.99,0.0,0.0,1.77
TAS,Dancing (recreational),2.12,0.46,3.8,0.0,4.85,3.21,1.9,1.49,0.41,2.43,-3.34
TAS,Surfing,1.59,2.04,1.0,0.0,2.42,3.13,2.0,1.41,0.72,0.76,1.04
TAS,Table tennis,1.13,1.57,0.7,0.0,1.77,1.75,1.06,1.03,1.49,0.27,0.8700000000000001
TAS,Volleyball (indoor and outdoor),0.53,0.14,0.93,9.21,1.78,0.39,0.0,0.0,0.0,0.0,-0.79
TAS,Weight lifting,1.51,1.63,1.39,0.0,1.52,2.16,3.07,1.13,1.16,0.52,0.24
TAS,Bowls,2.53,3.75,1.34,9.21,0.0,0.37,0.46,1.6,1.82,7.41,2.41
TAS,Badminton,1.23,1.05,1.42,0.0,1.53,3.67,1.02,0.45,0.37,0.72,-0.3699999999999999
TAS,Motor cycling,1.3,1.98,0.64,0.0,2.6,2.53,1.12,0.6,0.73,1.04,1.3399999999999999
TAS,Underwater sports,1.08,1.35,0.83,0.0,0.0,1.29,1.74,0.94,1.86,0.45,0.5200000000000001
TAS,Pickleball/padel,1.22,0.92,1.54,0.0,0.0,0.38,0.91,0.0,3.1,2.09,-0.62
NSW,Walking (Recreational),48.24,40.35,55.97,35.34,32.23,38.87,44.37,56.66,64.08,54.54,-15.619999999999997
NSW,Fitness/Gym,29.59,28.17,31.12,30.27,37.46,37.11,31.78,29.7,25.48,20.17,-2.9499999999999993
NSW,Bush walking,17.24,16.05,18.48,14.7,16.32,19.35,19.58,20.76,20.88,10.22,-2.4299999999999997
NSW,Running/jogging,15.63,18.23,13.17,23.72,23.34,25.29,22.16,15.27,8.01,1.93,5.0600000000000005
NSW,Swimming,16.87,16.33,17.33,20.75,17.16,17.88,19.17,18.48,18.74,11.02,-1.0
NSW,Cycling,7.14,8.92,5.37,5.4,4.88,6.32,7.85,10.78,10.13,4.55,3.55
NSW,Pilates,5.97,1.03,10.81,4.83,8.59,8.37,7.02,5.45,5.65,2.75,-9.780000000000001
NSW,Football/soccer,7.11,10.94,3.39,24.61,14.69,10.37,8.27,4.98,1.91,0.23,7.549999999999999
NSW,Yoga,4.97,1.45,8.41,3.03,3.54,6.01,6.66,6.4,5.47,2.76,-6.96
NSW,Basketball,4.53,6.81,2.34,17.9,9.73,6.39,5.48,2.62,0.58,0.19,4.47
NSW,Australian football,1.33,1.8,0.87,2.03,3.25,2.36,1.55,0.94,0.42,0.02,0.93
NSW,Golf,4.95,8.01,2.0,2.18,2.35,4.4,2.63,4.74,7.6,7.67,6.01
NSW,Tennis,5.99,6.94,5.12,9.02,7.4,8.21,6.49,5.81,4.64,3.32,1.8200000000000003
NSW,Netball,2.02,0.55,3.47,7.55,5.32,2.77,2.37,0.9,0.25,0.02,-2.92
NSW,Cricket,2.52,4.39,0.72,9.05,4.42,3.35,3.21,1.78,0.88,0.32,3.67
NSW,Dancing (recreational),1.63,0.69,2.49,2.49,2.29,1.45,2.34,1.11,1.32,1.25,-1.8000000000000003
NSW,Surfing,1.68,2.11,1.27,2.65,1.3,1.77,1.9,2.13,2.62,0.53,0.8399999999999999
NSW,Table tennis,1.79,2.5,1.12,6.97,3.56,2.19,1.72,0.89,0.94,0.55,1.38
NSW,Volleyball (indoor and outdoor),1.25,1.51,1.0,9.75,1.93,1.7,1.05,0.35,0.05,0.0,0.51
NSW,Weight lifting,1.46,1.51,1.42,1.03,1.44,2.62,1.72,0.98,1.23,0.89,0.09000000000000008
NSW,Bowls,0.99,1.26,0.74,0.0,0.29,0.42,0.28,0.31,1.03,3.04,0.52
NSW,Badminton,1.97,2.45,1.52,7.24,4.71,3.3,2.36,0.54,0.1,0.08,0.9300000000000002
NSW,Motor cycling,1.24,1.74,0.77,2.49,1.29,1.5,1.45,1.19,1.21,0.6,0.97
NSW,Underwater sports,0.81,0.8,0.82,1.06,0.41,0.9,0.9,1.02,0.98,0.58,-0.019999999999999907
NSW,Pickleball/padel,1.16,1.3,1.02,1.0,1.02,1.5,0.88,1.49,1.66,0.69,0.28
QLD,Walking (Recreational),49.7,42.98,56.31,27.17,34.09,41.46,49.31,56.7,63.01,55.06,-13.330000000000005
QLD,Fitness/Gym,31.94,31.65,32.22,37.59,38.9,40.8,35.29,29.96,26.99,22.24,-0.5700000000000003
QLD,Bush walking,17.06,16.6,17.52,13.82,17.0,18.36,20.88,21.25,17.87,10.29,-0.9199999999999982
QLD,Running/jogging,15.99,18.02,14.11,23.06,27.27,28.48,21.12,13.52,7.96,1.91,3.91
QLD,Swimming,16.51,15.95,17.12,22.3,18.04,17.64,18.85,16.41,17.48,11.43,-1.1700000000000017
QLD,Cycling,7.81,9.6,6.1,4.83,5.56,7.52,9.42,10.76,11.32,4.16,3.5
QLD,Pilates,5.65,1.08,10.09,3.27,6.44,9.42,6.32,5.93,5.48,2.0,-9.01
QLD,Football/soccer,4.26,6.8,1.81,12.35,10.01,6.5,6.53,2.37,0.55,0.09,4.99
QLD,Yoga,4.96,1.45,8.33,2.4,3.5,6.69,5.79,5.37,5.95,3.15,-6.88
QLD,Basketball,3.52,5.2,1.91,16.95,8.36,5.99,4.01,1.21,0.24,0.0,3.29
QLD,Australian football,1.41,2.04,0.79,2.03,3.27,3.47,1.36,0.55,0.33,0.0,1.25
QLD,Golf,4.36,7.13,1.67,2.38,2.84,3.6,2.42,5.31,5.84,5.94,5.46
QLD,Tennis,4.25,4.88,3.66,7.44,6.79,5.92,4.59,4.09,2.82,1.82,1.2199999999999998
QLD,Netball,1.64,0.48,2.77,8.71,3.66,3.05,1.18,0.77,0.32,0.0,-2.29
QLD,Cricket,1.89,3.39,0.47,4.47,3.01,2.87,1.95,2.45,0.97,0.23,2.92
QLD,Dancing (recreational),1.32,0.45,2.1,3.22,1.41,1.5,1.64,0.84,1.05,1.04,-1.6500000000000001
QLD,Surfing,1.4,1.81,1.02,1.01,0.68,2.09,1.76,1.74,1.66,0.57,0.79
QLD,Table tennis,1.13,1.52,0.77,2.29,2.79,1.31,0.85,0.86,1.02,0.41,0.75
QLD,Volleyball (indoor and outdoor),1.48,1.83,1.16,9.32,4.34,2.22,0.73,0.38,0.31,0.11,0.6700000000000002
QLD,Weight lifting,1.45,1.71,1.15,1.77,2.82,2.62,1.67,0.87,0.91,0.35,0.56
QLD,Bowls,0.85,1.07,0.65,0.0,0.19,0.46,0.32,0.08,0.9,2.55,0.42000000000000004
QLD,Badminton,1.06,1.06,1.07,6.45,2.66,1.47,1.07,0.21,0.08,0.15,-0.010000000000000009
QLD,Motor cycling,1.04,1.51,0.56,0.95,1.32,1.4,1.09,1.06,1.5,0.29,0.95
QLD,Underwater sports,0.74,0.86,0.63,0.0,0.58,0.95,0.63,0.98,1.19,0.4,0.22999999999999998
QLD,Pickleball/padel,1.07,1.28,0.89,0.0,1.03,1.28,1.1,1.11,1.67,0.67,0.39
SA,Walking (Recreational),53.17,44.88,61.45,30.02,33.36,46.13,52.38,59.02,60.97,61.48,-16.57
SA,Fitness/Gym,29.83,26.36,33.35,26.07,38.26,39.14,28.59,28.11,20.58,27.7,-6.990000000000002
SA,Bush walking,16.23,14.83,17.74,3.0,22.31,22.89,22.31,19.38,13.73,6.83,-2.9099999999999984
SA,Running/jogging,14.59,17.83,11.46,18.61,29.77,27.51,20.0,11.89,7.77,1.27,6.369999999999997
SA,Swimming,11.06,9.52,12.58,6.08,16.97,10.72,15.94,12.41,8.95,7.07,-3.0600000000000005
SA,Cycling,7.9,10.02,5.87,3.28,4.88,5.69,10.81,8.21,10.68,7.62,4.1499999999999995
SA,Pilates,6.3,1.13,11.45,3.72,12.22,11.21,6.88,4.73,3.99,2.82,-10.32
SA,Football/soccer,4.09,7.27,1.03,13.48,11.83,7.72,3.68,3.23,0.72,0.0,6.239999999999999
SA,Yoga,4.21,1.15,7.26,3.28,4.75,5.24,5.84,3.85,3.58,2.96,-6.109999999999999
SA,Basketball,4.18,5.85,2.53,9.96,10.97,5.67,5.92,3.78,0.95,0.72,3.32
SA,Australian football,3.69,5.9,1.32,7.01,11.42,6.58,4.64,2.49,0.46,0.2,4.58
SA,Golf,4.41,7.88,1.01,2.8,5.69,3.37,3.53,4.36,5.32,4.93,6.87
SA,Tennis,4.77,5.84,3.78,11.42,7.36,6.01,5.27,6.77,2.55,1.8,2.06
SA,Netball,2.65,1.04,4.25,3.72,11.24,5.31,2.35,0.99,0.0,0.0,-3.21
SA,Cricket,2.59,4.44,0.82,9.93,4.4,3.61,4.95,1.97,0.48,0.3,3.6200000000000006
SA,Dancing (recreational),1.66,0.35,2.96,3.28,1.75,2.71,1.38,0.91,0.72,1.82,-2.61
SA,Surfing,1.08,1.33,0.84,3.73,1.65,0.55,2.18,1.84,0.25,0.21,0.4900000000000001
SA,Table tennis,1.44,2.42,0.51,3.99,3.05,1.1,1.5,0.75,1.18,1.24,1.91
SA,Volleyball (indoor and outdoor),1.06,1.13,1.0,11.27,2.63,1.37,0.93,0.26,0.0,0.0,0.1299999999999999
SA,Weight lifting,1.18,1.38,0.92,3.99,1.59,1.48,1.18,0.65,1.97,0.27,0.45999999999999985
SA,Bowls,1.36,1.88,0.86,0.0,0.0,0.18,0.45,0.97,1.45,3.61,1.02
SA,Badminton,1.03,1.0,1.08,3.4,2.97,0.97,1.43,0.75,0.53,0.21,-0.08000000000000007
SA,Motor cycling,0.69,1.06,0.34,3.4,0.41,1.06,0.74,0.72,0.74,0.11,0.72
SA,Underwater sports,0.65,0.83,0.49,0.0,1.78,0.87,0.71,0.51,0.48,0.31,0.33999999999999997
SA,Pickleball/padel,0.59,0.39,0.79,0.0,0.72,0.0,1.0,0.71,0.69,0.64,-0.4
VIC,Walking (Recreational),51.2,43.1,59.1,31.04,34.22,43.22,48.0,58.76,68.58,58.44,-16.0
VIC,Fitness/Gym,31.88,30.87,32.98,27.55,39.37,38.71,32.82,30.17,28.89,24.64,-2.109999999999996
VIC,Bush walking,15.98,14.74,17.2,18.81,14.71,19.57,17.69,17.32,16.43,10.19,-2.459999999999999
VIC,Running/jogging,16.97,19.37,14.66,31.51,24.66,28.4,20.75,16.52,7.79,2.21,4.710000000000001
VIC,Swimming,12.91,11.78,14.0,13.67,13.0,13.83,15.37,14.84,14.16,7.59,-2.2200000000000006
VIC,Cycling,8.77,11.36,6.32,8.5,6.02,7.39,9.06,12.45,13.05,5.98,5.039999999999999
VIC,Pilates,7.57,1.3,13.67,4.62,8.53,12.21,9.1,7.18,5.5,3.78,-12.37
VIC,Football/soccer,4.94,7.72,2.31,14.81,10.97,7.97,5.56,3.2,0.87,0.07,5.41
VIC,Yoga,5.1,1.38,8.69,3.92,3.08,7.22,6.62,6.55,4.29,2.75,-7.31
VIC,Basketball,5.86,8.29,3.56,14.39,14.87,8.5,6.1,4.61,0.92,0.37,4.729999999999999
VIC,Australian football,4.13,6.59,1.8,11.66,9.63,7.2,4.15,2.14,0.98,0.09,4.79
VIC,Golf,5.04,8.31,1.95,1.41,3.71,3.46,3.6,4.73,8.16,7.47,6.36
VIC,Tennis,5.62,6.86,4.49,9.84,8.94,6.35,6.68,6.47,2.52,2.62,2.37
VIC,Netball,2.42,0.83,4.0,11.07,5.73,3.96,1.79,1.35,0.19,0.12,-3.17
VIC,Cricket,2.74,4.72,0.87,4.25,5.6,4.72,3.56,1.93,0.7,0.2,3.8499999999999996
VIC,Dancing (recreational),1.86,0.36,3.26,2.4,3.0,1.9,1.65,1.49,1.5,1.75,-2.9
VIC,Surfing,0.9,1.1,0.72,1.51,0.97,1.05,1.23,1.05,0.68,0.36,0.3800000000000001
VIC,Table tennis,2.19,3.17,1.27,5.65,4.0,2.8,2.05,2.18,0.83,0.86,1.9
VIC,Volleyball (indoor and outdoor),1.07,1.1,1.04,7.24,3.85,1.11,0.37,0.12,0.07,0.1,0.06000000000000005
VIC,Weight lifting,1.56,1.68,1.4,2.11,1.74,2.29,1.6,1.76,1.34,0.62,0.28
VIC,Bowls,0.8,1.01,0.6,0.0,0.0,0.23,0.38,0.54,1.11,2.27,0.41000000000000003
VIC,Badminton,2.16,2.77,1.6,7.83,4.79,3.81,1.73,0.93,0.5,0.34,1.17
VIC,Motor cycling,0.95,1.5,0.44,1.53,1.35,1.34,0.67,0.95,1.08,0.42,1.06
VIC,Underwater sports,0.67,0.63,0.72,0.0,0.4,0.83,1.04,0.72,0.75,0.44,-0.08999999999999997
VIC,Pickleball/padel,1.07,0.96,1.18,1.24,1.08,0.97,1.58,1.05,1.15,0.63,-0.21999999999999997
WA,Walking (Recreational),50.56,41.33,59.53,29.81,34.62,37.58,48.47,62.11,65.49,58.4,-18.200000000000003
WA,Fitness/Gym,32.87,30.92,34.79,36.26,40.39,40.5,33.94,32.32,27.1,24.34,-3.8699999999999974
WA,Bush walking,17.61,15.11,20.09,14.36,16.65,18.55,21.41,23.27,17.39,9.63,-4.98
WA,Running/jogging,16.45,17.78,15.12,22.94,25.38,28.71,19.8,15.34,8.51,1.69,2.660000000000002
WA,Swimming,16.28,14.14,18.48,21.13,16.28,18.12,19.33,15.22,17.04,10.25,-4.34
WA,Cycling,11.49,13.37,9.58,5.77,7.22,8.24,14.87,15.68,15.8,8.12,3.789999999999999
WA,Pilates,6.65,0.86,12.33,4.29,7.25,9.86,8.4,5.68,5.22,4.08,-11.47
WA,Football/soccer,5.74,9.83,1.83,16.96,13.2,10.09,5.85,2.94,1.1,0.09,8.0
WA,Yoga,4.89,1.38,8.31,2.53,2.82,4.8,6.57,5.73,5.16,4.14,-6.930000000000001
WA,Basketball,4.57,7.21,2.05,15.96,12.29,6.63,3.87,2.86,0.77,0.11,5.16
WA,Australian football,4.38,7.09,1.8,12.66,11.17,6.99,4.34,2.27,1.24,0.0,5.29
WA,Golf,4.34,7.02,1.79,1.23,2.07,3.57,3.95,5.08,7.68,4.38,5.2299999999999995
WA,Tennis,3.9,3.94,3.9,9.18,6.79,4.53,3.92,3.31,3.05,1.27,0.040000000000000036
WA,Netball,2.66,0.47,4.81,9.66,5.97,4.7,2.55,1.45,0.12,0.0,-4.34
WA,Cricket,2.53,4.42,0.68,5.0,4.57,4.73,2.72,2.04,0.88,0.11,3.7399999999999998
WA,Dancing (recreational),1.9,0.39,3.35,5.68,2.75,1.45,1.68,1.32,1.76,1.6,-2.96
WA,Surfing,1.84,2.16,1.5,3.12,2.02,1.82,2.14,2.44,1.91,0.49,0.6600000000000001
WA,Table tennis,1.51,1.59,1.45,2.96,2.32,1.55,1.94,0.95,0.96,1.04,0.14000000000000012
WA,Volleyball (indoor and outdoor),1.9,2.13,1.66,13.82,5.51,1.96,0.57,0.64,0.41,0.0,0.47
WA,Weight lifting,1.33,1.88,0.76,0.0,3.19,1.59,1.8,1.23,0.81,0.39,1.1199999999999999
WA,Bowls,0.76,1.03,0.51,0.0,0.0,0.24,0.11,0.0,1.63,2.57,0.52
WA,Badminton,1.85,2.02,1.71,10.03,3.42,2.91,1.61,0.51,0.4,0.17,0.31000000000000005
WA,Motor cycling,0.99,1.37,0.62,0.0,1.39,1.5,0.65,1.39,1.5,0.16,0.7500000000000001
WA,Underwater sports,1.49,1.53,1.47,0.0,0.66,2.57,2.01,1.18,2.39,0.39,0.06000000000000005
WA,Pickleball/padel,0.93,0.86,1.0,2.5,1.39,0.66,0.99,0.36,0.56,1.16,-0.14
