period,year_label,barrier,all_pct,male_pct,female_pct
Jul 2023–Jun 2024,2023/24,Poor health/injury,28.69,25.21,31.76
Jul 2023–Jun 2024,2023/24,Increasing age/too old,21.88,21.14,22.81
Jul 2023–Jun 2024,2023/24,Disability,16.9,14.43,18.93
Jul 2023–Jun 2024,2023/24,Too lazy,14.83,15.42,14.04
Jul 2023–Jun 2024,2023/24,Not enough time,13.89,13.35,14.46
Jul 2023–Jun 2024,2023/24,Don't like sport,12.55,9.21,15.28
Jul 2023–Jun 2024,2023/24,Not a priority,11.99,12.67,11.51
Jul 2023–Jun 2024,2023/24,Nobody to do it with,7.0,6.21,7.7
Jul 2023–Jun 2024,2023/24,Can't afford it,6.7,4.73,8.38
Jul 2023–Jun 2024,2023/24,Fear of injury,6.68,6.15,7.14
Jul 2023–Jun 2024,2023/24,Physical job,5.44,6.86,4.23
Jul 2023–Jun 2024,2023/24,Weather,4.95,5.0,4.87
Jul 2023–Jun 2024,2023/24,Not good enough,4.6,4.22,4.86
Jul 2023–Jun 2024,2023/24,Too busy with children's activities,3.5,2.79,4.09
Jul 2023–Jun 2024,2023/24,Looking after children,3.34,2.27,4.27
Jul 2023–Jun 2024,2023/24,Not value for money,3.07,3.25,2.91
Jul 2023–Jun 2024,2023/24,No transport,2.38,2.04,2.65
Jul 2023–Jun 2024,2023/24,No facilities/clubs,2.33,2.58,2.05
Jul 2023–Jun 2024,2023/24,Too competitive,2.17,2.15,2.13
Jul 2023–Jun 2024,2023/24,Fear of discrimination,2.14,1.86,2.36
Jul 2023–Jun 2024,2023/24,Not familiar with activity,1.78,1.6,1.85
Jul 2023–Jun 2024,2023/24,Pregnancy,1.21,0.39,1.9
Jul 2023–Jun 2024,2023/24,No longer interested,1.08,1.15,1.04
Jul 2023–Jun 2024,2023/24,Not culturally appropriate,0.53,0.74,0.34
Jan–Dec 2024,2024,Poor health/injury,28.73,24.99,32.14
Jan–Dec 2024,2024,Increasing age/too old,21.59,19.88,23.61
Jan–Dec 2024,2024,Disability,16.16,13.73,18.15
Jan–Dec 2024,2024,Too lazy,15.24,15.33,14.76
Jan–Dec 2024,2024,Not enough time,13.8,13.07,14.58
Jan–Dec 2024,2024,Don't like sport,12.55,9.24,15.49
Jan–Dec 2024,2024,Not a priority,12.0,12.72,11.41
Jan–Dec 2024,2024,Nobody to do it with,7.04,6.25,7.65
Jan–Dec 2024,2024,Can't afford it,6.23,5.21,7.05
Jan–Dec 2024,2024,Fear of injury,5.88,5.79,6.03
Jan–Dec 2024,2024,Physical job,5.56,7.4,3.92
Jan–Dec 2024,2024,Weather,4.53,4.4,4.52
Jan–Dec 2024,2024,Not good enough,4.55,4.55,4.37
Jan–Dec 2024,2024,Too busy with children's activities,3.37,2.83,3.84
Jan–Dec 2024,2024,Looking after children,3.38,2.2,4.48
Jan–Dec 2024,2024,Not value for money,2.89,3.33,2.45
Jan–Dec 2024,2024,No transport,2.49,1.98,2.71
Jan–Dec 2024,2024,No facilities/clubs,2.46,2.58,2.2
Jan–Dec 2024,2024,Too competitive,2.02,2.21,1.79
Jan–Dec 2024,2024,Fear of discrimination,2.42,2.24,2.44
Jan–Dec 2024,2024,Not familiar with activity,1.66,1.8,1.4
Jan–Dec 2024,2024,Pregnancy,1.19,0.47,1.87
Jan–Dec 2024,2024,No longer interested,0.99,0.96,1.04
Jan–Dec 2024,2024,Not culturally appropriate,0.54,0.66,0.44
Jul 2024–Jun 2025,2024/25,Poor health/injury,28.62,24.1,32.85
Jul 2024–Jun 2025,2024/25,Increasing age/too old,22.15,19.71,24.88
Jul 2024–Jun 2025,2024/25,Disability,15.78,12.51,18.71
Jul 2024–Jun 2025,2024/25,Too lazy,15.05,14.35,15.67
Jul 2024–Jun 2025,2024/25,Not enough time,12.95,12.64,13.37
Jul 2024–Jun 2025,2024/25,Don't like sport,12.98,10.02,15.87
Jul 2024–Jun 2025,2024/25,Not a priority,11.96,12.91,11.21
Jul 2024–Jun 2025,2024/25,Nobody to do it with,7.27,6.66,7.77
Jul 2024–Jun 2025,2024/25,Can't afford it,6.25,4.91,7.26
Jul 2024–Jun 2025,2024/25,Fear of injury,6.18,6.3,6.17
Jul 2024–Jun 2025,2024/25,Physical job,5.78,7.91,3.68
Jul 2024–Jun 2025,2024/25,Weather,4.73,4.02,5.36
Jul 2024–Jun 2025,2024/25,Not good enough,4.62,4.93,4.27
Jul 2024–Jun 2025,2024/25,Too busy with children's activities,3.21,2.61,3.75
Jul 2024–Jun 2025,2024/25,Looking after children,3.42,2.48,4.37
Jul 2024–Jun 2025,2024/25,Not value for money,3.38,3.71,2.98
Jul 2024–Jun 2025,2024/25,No transport,2.45,1.74,2.89
Jul 2024–Jun 2025,2024/25,No facilities/clubs,2.16,2.4,1.83
Jul 2024–Jun 2025,2024/25,Too competitive,2.42,2.92,1.94
Jul 2024–Jun 2025,2024/25,Fear of discrimination,2.55,2.66,2.29
Jul 2024–Jun 2025,2024/25,Not familiar with activity,1.5,1.82,1.1
Jul 2024–Jun 2025,2024/25,Pregnancy,1.31,0.61,1.99
Jul 2024–Jun 2025,2024/25,No longer interested,0.86,0.79,0.95
Jul 2024–Jun 2025,2024/25,Not culturally appropriate,0.59,0.75,0.45
Jan–Dec 2025,2025,Poor health/injury,27.22,24.57,29.61
Jan–Dec 2025,2025,Increasing age/too old,22.48,20.0,24.87
Jan–Dec 2025,2025,Disability,15.11,13.03,16.9
Jan–Dec 2025,2025,Too lazy,15.64,15.99,15.48
Jan–Dec 2025,2025,Not enough time,13.05,13.23,13.04
Jan–Dec 2025,2025,Don't like sport,14.37,11.5,16.83
Jan–Dec 2025,2025,Not a priority,12.22,13.7,11.13
Jan–Dec 2025,2025,Nobody to do it with,7.73,7.5,7.98
Jan–Dec 2025,2025,Can't afford it,6.68,4.47,8.37
Jan–Dec 2025,2025,Fear of injury,6.59,6.59,6.63
Jan–Dec 2025,2025,Physical job,5.75,7.59,4.07
Jan–Dec 2025,2025,Weather,5.19,5.05,5.4
Jan–Dec 2025,2025,Not good enough,5.68,5.12,6.16
Jan–Dec 2025,2025,Too busy with children's activities,3.41,2.78,4.01
Jan–Dec 2025,2025,Looking after children,3.66,2.86,4.38
Jan–Dec 2025,2025,Not value for money,3.32,3.28,3.31
Jan–Dec 2025,2025,No transport,2.57,2.05,3.02
Jan–Dec 2025,2025,No facilities/clubs,2.31,2.53,2.05
Jan–Dec 2025,2025,Too competitive,2.83,3.51,2.28
Jan–Dec 2025,2025,Fear of discrimination,2.31,2.3,2.32
Jan–Dec 2025,2025,Not familiar with activity,1.93,2.28,1.66
Jan–Dec 2025,2025,Pregnancy,1.36,0.44,2.19
Jan–Dec 2025,2025,No longer interested,0.92,1.09,0.79
Jan–Dec 2025,2025,Not culturally appropriate,0.58,0.74,0.45
