comparison,activity,year_a_label,year_a_pct,year_b_label,year_b_pct,change
2023/24 vs 2024/25,Adventure racing,2023/24FY,0.16,2024/25FY,0.19,0.03
2023/24 vs 2024/25,Air sports,2023/24FY,0.33,2024/25FY,0.32,-0.010000000000000009
2023/24 vs 2024/25,Archery,2023/24FY,0.24,2024/25FY,0.22,-0.01999999999999999
2023/24 vs 2024/25,"Athletics, track and field",2023/24FY,1.45,2024/25FY,1.31,-0.1399999999999999
2023/24 vs 2024/25,Australian football,2023/24FY,2.57,2024/25FY,2.63,0.06000000000000005
2023/24 vs 2024/25,Badminton,2023/24FY,1.79,2024/25FY,1.74,-0.050000000000000044
2023/24 vs 2024/25,Baseball,2023/24FY,0.35,2024/25FY,0.35,0.0
2023/24 vs 2024/25,Basketball,2023/24FY,4.82,2024/25FY,4.63,-0.1900000000000004
2023/24 vs 2024/25,Baton twirling,2023/24FY,0.03,2024/25FY,0.03,0.0
2023/24 vs 2024/25,Biathlon,2023/24FY,0.01,2024/25FY,0.01,0.0
2023/24 vs 2024/25,Billiards/Snooker/Pool,2023/24FY,0.35,2024/25FY,0.31,-0.03999999999999998
2023/24 vs 2024/25,BMX,2023/24FY,0.05,2024/25FY,0.03,-0.020000000000000004
2023/24 vs 2024/25,Bobsledding,2023/24FY,0.0,2024/25FY,0.0,0.0
2023/24 vs 2024/25,Bocce/Boules,2023/24FY,0.03,2024/25FY,0.01,-0.019999999999999997
2023/24 vs 2024/25,Boccia,2023/24FY,0.0,2024/25FY,0.0,0.0
2023/24 vs 2024/25,Body building,2023/24FY,0.05,2024/25FY,0.03,-0.020000000000000004
2023/24 vs 2024/25,Boomerang throwing,2023/24FY,0.01,2024/25FY,0.02,0.01
2023/24 vs 2024/25,Bowls,2023/24FY,0.87,2024/25FY,0.93,0.06000000000000005
2023/24 vs 2024/25,Boxing,2023/24FY,0.89,2024/25FY,0.9,0.010000000000000009
2023/24 vs 2024/25,Broomball,2023/24FY,0.0,2024/25FY,0.01,0.01
2023/24 vs 2024/25,Bush walking,2023/24FY,16.96,2024/25FY,17.19,0.23000000000000043
2023/24 vs 2024/25,Calisthenics,2023/24FY,0.23,2024/25FY,0.26,0.03
2023/24 vs 2024/25,Campdrafting,2023/24FY,0.03,2024/25FY,0.02,-0.009999999999999998
2023/24 vs 2024/25,Canoeing/Kayaking,2023/24FY,0.96,2024/25FY,1.0,0.040000000000000036
2023/24 vs 2024/25,Circus,2023/24FY,0.04,2024/25FY,0.04,0.0
2023/24 vs 2024/25,Cricket,2023/24FY,2.47,2024/25FY,2.43,-0.040000000000000036
2023/24 vs 2024/25,Croquet,2023/24FY,0.07,2024/25FY,0.07,0.0
2023/24 vs 2024/25,Crossfit,2023/24FY,0.62,2024/25FY,0.63,0.010000000000000009
2023/24 vs 2024/25,Curling,2023/24FY,0.02,2024/25FY,0.0,-0.02
2023/24 vs 2024/25,Cycling,2023/24FY,8.9,2024/25FY,8.45,-0.45000000000000107
2023/24 vs 2024/25,DanceSport,2023/24FY,1.0,2024/25FY,1.1,0.10000000000000009
2023/24 vs 2024/25,Dancing (recreational),2023/24FY,1.62,2024/25FY,1.66,0.039999999999999813
2023/24 vs 2024/25,Darts,2023/24FY,0.16,2024/25FY,0.16,0.0
2023/24 vs 2024/25,Diving,2023/24FY,0.04,2024/25FY,0.05,0.010000000000000002
2023/24 vs 2024/25,Dodgeball,2023/24FY,0.08,2024/25FY,0.07,-0.009999999999999995
2023/24 vs 2024/25,Dragon boat racing,2023/24FY,0.06,2024/25FY,0.07,0.010000000000000009
2023/24 vs 2024/25,Eight ball,2023/24FY,0.04,2024/25FY,0.03,-0.010000000000000002
2023/24 vs 2024/25,Equestrian,2023/24FY,0.44,2024/25FY,0.47,0.02999999999999997
2023/24 vs 2024/25,eSports,2023/24FY,0.3,2024/25FY,0.26,-0.03999999999999998
2023/24 vs 2024/25,Fencing,2023/24FY,0.05,2024/25FY,0.06,0.009999999999999995
2023/24 vs 2024/25,Fishing (recreational),2023/24FY,1.12,2024/25FY,1.26,0.1399999999999999
2023/24 vs 2024/25,Fitness/Gym,2023/24FY,29.32,2024/25FY,31.36,2.039999999999999
2023/24 vs 2024/25,Floorball,2023/24FY,0.01,2024/25FY,0.01,0.0
2023/24 vs 2024/25,Flying disc,2023/24FY,0.25,2024/25FY,0.25,0.0
2023/24 vs 2024/25,Football/soccer,2023/24FY,5.63,2024/25FY,5.5,-0.1299999999999999
2023/24 vs 2024/25,Gaelic football,2023/24FY,0.05,2024/25FY,0.05,0.0
2023/24 vs 2024/25,Geocaching,2023/24FY,0.02,2024/25FY,0.02,0.0
2023/24 vs 2024/25,Goalball,2023/24FY,0.0,2024/25FY,0.02,0.02
2023/24 vs 2024/25,Golf,2023/24FY,4.36,2024/25FY,4.75,0.3899999999999997
2023/24 vs 2024/25,Gridiron,2023/24FY,0.04,2024/25FY,0.05,0.010000000000000002
2023/24 vs 2024/25,Guides,2023/24FY,0.01,2024/25FY,0.01,0.0
2023/24 vs 2024/25,Gymnastics,2023/24FY,0.52,2024/25FY,0.56,0.040000000000000036
2023/24 vs 2024/25,Handball,2023/24FY,0.14,2024/25FY,0.14,0.0
2023/24 vs 2024/25,Harness racing,2023/24FY,0.02,2024/25FY,0.01,-0.01
2023/24 vs 2024/25,Hockey,2023/24FY,0.52,2024/25FY,0.48,-0.040000000000000036
2023/24 vs 2024/25,Horse racing,2023/24FY,0.04,2024/25FY,0.04,0.0
2023/24 vs 2024/25,Ice hockey,2023/24FY,0.06,2024/25FY,0.07,0.010000000000000009
2023/24 vs 2024/25,Ice racing/speed skating,2023/24FY,0.01,2024/25FY,0.01,0.0
2023/24 vs 2024/25,Ice skating,2023/24FY,0.2,2024/25FY,0.23,0.03
2023/24 vs 2024/25,Jet skiing,2023/24FY,0.12,2024/25FY,0.08,-0.039999999999999994
2023/24 vs 2024/25,Judo,2023/24FY,0.03,2024/25FY,0.05,0.020000000000000004
2023/24 vs 2024/25,Jujitsu,2023/24FY,0.19,2024/25FY,0.18,-0.010000000000000009
2023/24 vs 2024/25,Karate,2023/24FY,0.24,2024/25FY,0.18,-0.06
2023/24 vs 2024/25,Kendo,2023/24FY,0.02,2024/25FY,0.02,0.0
2023/24 vs 2024/25,Kitesurfing/kiteboarding,2023/24FY,0.01,2024/25FY,0.02,0.01
2023/24 vs 2024/25,Korfball,2023/24FY,0.0,2024/25FY,0.0,0.0
2023/24 vs 2024/25,Kung fu wushu,2023/24FY,0.01,2024/25FY,0.01,0.0
2023/24 vs 2024/25,Lacrosse,2023/24FY,0.04,2024/25FY,0.03,-0.010000000000000002
2023/24 vs 2024/25,Lifesaving royal,2023/24FY,0.0,2024/25FY,0.0,0.0
2023/24 vs 2024/25,Lifesaving surf,2023/24FY,0.11,2024/25FY,0.13,0.020000000000000004
2023/24 vs 2024/25,Luging,2023/24FY,0.01,2024/25FY,0.0,-0.01
2023/24 vs 2024/25,Marching,2023/24FY,0.01,2024/25FY,0.01,0.0
2023/24 vs 2024/25,Martial arts,2023/24FY,0.64,2024/25FY,0.57,-0.07000000000000006
2023/24 vs 2024/25,Mixed martial arts,2023/24FY,0.09,2024/25FY,0.07,-0.01999999999999999
2023/24 vs 2024/25,Modern pentathlon,2023/24FY,0.01,2024/25FY,0.0,-0.01
2023/24 vs 2024/25,Motor cycling,2023/24FY,1.08,2024/25FY,1.05,-0.030000000000000027
2023/24 vs 2024/25,Motor sport,2023/24FY,0.3,2024/25FY,0.25,-0.04999999999999999
2023/24 vs 2024/25,Mountain biking,2023/24FY,0.72,2024/25FY,0.75,0.030000000000000027
2023/24 vs 2024/25,Mountain climbing,2023/24FY,0.1,2024/25FY,0.14,0.04000000000000001
2023/24 vs 2024/25,Muay Thai,2023/24FY,0.09,2024/25FY,0.14,0.05000000000000002
2023/24 vs 2024/25,Netball,2023/24FY,2.02,2024/25FY,2.16,0.14000000000000012
2023/24 vs 2024/25,Obstacle,2023/24FY,0.04,2024/25FY,0.05,0.010000000000000002
2023/24 vs 2024/25,Orienteering,2023/24FY,0.03,2024/25FY,0.06,0.03
2023/24 vs 2024/25,Outrigger canoe,2023/24FY,0.03,2024/25FY,0.03,0.0
2023/24 vs 2024/25,Oztag,2023/24FY,0.27,2024/25FY,0.29,0.019999999999999962
2023/24 vs 2024/25,Paddle sports,2023/24FY,0.2,2024/25FY,0.22,0.01999999999999999
2023/24 vs 2024/25,Paintball,2023/24FY,0.04,2024/25FY,0.03,-0.010000000000000002
2023/24 vs 2024/25,Parkour,2023/24FY,0.03,2024/25FY,0.03,0.0
2023/24 vs 2024/25,Petanque,2023/24FY,0.01,2024/25FY,0.01,0.0
2023/24 vs 2024/25,Physical Culture,2023/24FY,0.04,2024/25FY,0.04,0.0
2023/24 vs 2024/25,Pickleball/padel,2023/24FY,0.42,2024/25FY,1.05,0.6300000000000001
2023/24 vs 2024/25,Pilates,2023/24FY,5.06,2024/25FY,6.45,1.3900000000000006
2023/24 vs 2024/25,Polo,2023/24FY,0.0,2024/25FY,0.0,0.0
2023/24 vs 2024/25,Polocrosse,2023/24FY,0.01,2024/25FY,0.0,-0.01
2023/24 vs 2024/25,Pony Club,2023/24FY,0.06,2024/25FY,0.04,-0.019999999999999997
2023/24 vs 2024/25,Powerlifting,2023/24FY,0.05,2024/25FY,0.05,0.0
2023/24 vs 2024/25,Ready Steady Go Kids,2023/24FY,0.0,2024/25FY,0.01,0.01
2023/24 vs 2024/25,Rock climbing/Abseiling/Caving,2023/24FY,0.47,2024/25FY,0.47,0.0
2023/24 vs 2024/25,Rodeo,2023/24FY,0.0,2024/25FY,0.0,0.0
2023/24 vs 2024/25,Rogaining,2023/24FY,0.01,2024/25FY,0.02,0.01
2023/24 vs 2024/25,Roller Derby,2023/24FY,0.03,2024/25FY,0.01,-0.019999999999999997
2023/24 vs 2024/25,Rope skipping,2023/24FY,0.3,2024/25FY,0.26,-0.03999999999999998
2023/24 vs 2024/25,Rowing,2023/24FY,0.6,2024/25FY,0.57,-0.030000000000000027
2023/24 vs 2024/25,Rugby league,2023/24FY,0.8,2024/25FY,0.74,-0.06000000000000005
2023/24 vs 2024/25,Rugby union,2023/24FY,0.32,2024/25FY,0.36,0.03999999999999998
2023/24 vs 2024/25,Running/jogging,2023/24FY,15.89,2024/25FY,16.28,0.39000000000000057
2023/24 vs 2024/25,Sailing,2023/24FY,0.33,2024/25FY,0.36,0.02999999999999997
2023/24 vs 2024/25,Scootering,2023/24FY,0.16,2024/25FY,0.15,-0.010000000000000009
2023/24 vs 2024/25,Scouts,2023/24FY,0.02,2024/25FY,0.03,0.009999999999999998
2023/24 vs 2024/25,Sepak takraw,2023/24FY,0.0,2024/25FY,0.0,0.0
2023/24 vs 2024/25,Shooting/field,2023/24FY,0.18,2024/25FY,0.2,0.020000000000000018
2023/24 vs 2024/25,Shooting/range,2023/24FY,0.12,2024/25FY,0.14,0.020000000000000018
2023/24 vs 2024/25,Skate,2023/24FY,0.47,2024/25FY,0.41,-0.06
2023/24 vs 2024/25,Skeleton,2023/24FY,0.0,2024/25FY,0.0,0.0
2023/24 vs 2024/25,Ski & snowboard,2023/24FY,0.79,2024/25FY,0.86,0.06999999999999995
2023/24 vs 2024/25,Skirmish,2023/24FY,0.0,2024/25FY,0.0,0.0
2023/24 vs 2024/25,Softball,2023/24FY,0.13,2024/25FY,0.15,0.01999999999999999
2023/24 vs 2024/25,Sport climbing,2023/24FY,0.44,2024/25FY,0.51,0.07
2023/24 vs 2024/25,Squash,2023/24FY,0.46,2024/25FY,0.45,-0.010000000000000009
2023/24 vs 2024/25,Surfing,2023/24FY,1.42,2024/25FY,1.37,-0.04999999999999982
2023/24 vs 2024/25,Swimming,2023/24FY,15.24,2024/25FY,15.31,0.07000000000000028
2023/24 vs 2024/25,Sword fighting,2023/24FY,0.02,2024/25FY,0.01,-0.01
2023/24 vs 2024/25,Synchronised swimming,2023/24FY,0.08,2024/25FY,0.06,-0.020000000000000004
2023/24 vs 2024/25,Table tennis,2023/24FY,1.61,2024/25FY,1.7,0.08999999999999986
2023/24 vs 2024/25,Taekwondo/Taekwon-do,2023/24FY,0.18,2024/25FY,0.12,-0.06
2023/24 vs 2024/25,Tee ball,2023/24FY,0.02,2024/25FY,0.02,0.0
2023/24 vs 2024/25,Tennis,2023/24FY,4.81,2024/25FY,5.14,0.33000000000000007
2023/24 vs 2024/25,Tenpin bowling,2023/24FY,0.62,2024/25FY,0.62,0.0
2023/24 vs 2024/25,Tobogganing,2023/24FY,0.0,2024/25FY,0.0,0.0
2023/24 vs 2024/25,Touch football,2023/24FY,0.78,2024/25FY,0.74,-0.040000000000000036
2023/24 vs 2024/25,Triathlon,2023/24FY,0.15,2024/25FY,0.1,-0.04999999999999999
2023/24 vs 2024/25,Underwater sports,2023/24FY,0.75,2024/25FY,0.85,0.09999999999999998
2023/24 vs 2024/25,Virtual based physical activity,2023/24FY,1.02,2024/25FY,0.91,-0.10999999999999999
2023/24 vs 2024/25,Volleyball (indoor and outdoor),2023/24FY,1.38,2024/25FY,1.3,-0.07999999999999985
2023/24 vs 2024/25,Walking (Recreational),2023/24FY,49.46,2024/25FY,50.15,0.6899999999999977
2023/24 vs 2024/25,Water polo,2023/24FY,0.1,2024/25FY,0.1,0.0
2023/24 vs 2024/25,Waterskiing/Wakeboarding,2023/24FY,0.2,2024/25FY,0.19,-0.010000000000000009
2023/24 vs 2024/25,Weight lifting,2023/24FY,1.38,2024/25FY,1.46,0.08000000000000007
2023/24 vs 2024/25,Wheelchair rugby,2023/24FY,0.0,2024/25FY,0.01,0.01
2023/24 vs 2024/25,Wood chopping,2023/24FY,0.05,2024/25FY,0.04,-0.010000000000000002
2023/24 vs 2024/25,Wrestling,2023/24FY,0.03,2024/25FY,0.05,0.020000000000000004
2023/24 vs 2024/25,Yoga,2023/24FY,4.89,2024/25FY,4.98,0.09000000000000075
2024 vs 2025,Adventure racing,2024,0.24,2025,0.07,-0.16999999999999998
2024 vs 2025,Air sports,2024,0.36,2025,0.22,-0.13999999999999999
2024 vs 2025,Archery,2024,0.25,2025,0.18,-0.07
2024 vs 2025,"Athletics, track and field",2024,1.51,2025,1.32,-0.18999999999999995
2024 vs 2025,Australian football,2024,2.61,2025,2.42,-0.18999999999999995
2024 vs 2025,Badminton,2024,1.85,2025,1.89,0.039999999999999813
2024 vs 2025,Baseball,2024,0.38,2025,0.31,-0.07
2024 vs 2025,Basketball,2024,4.73,2025,4.53,-0.20000000000000018
2024 vs 2025,Baton twirling,2024,0.03,2025,0.01,-0.019999999999999997
2024 vs 2025,Biathlon,2024,0.01,2025,0.01,0.0
2024 vs 2025,Billiards/Snooker/Pool,2024,0.33,2025,0.3,-0.030000000000000027
2024 vs 2025,BMX,2024,0.04,2025,0.03,-0.010000000000000002
2024 vs 2025,Bobsledding,2024,0.0,2025,0.0,0.0
2024 vs 2025,Bocce/Boules,2024,0.01,2025,0.01,0.0
2024 vs 2025,Boccia,2024,0.0,2025,0.0,0.0
2024 vs 2025,Body building,2024,0.04,2025,0.04,0.0
2024 vs 2025,Boomerang throwing,2024,0.01,2025,0.01,0.0
2024 vs 2025,Bowls,2024,0.88,2025,0.83,-0.050000000000000044
2024 vs 2025,Boxing,2024,0.89,2025,0.85,-0.040000000000000036
2024 vs 2025,Broomball,2024,0.01,2025,0.0,-0.01
2024 vs 2025,Bush walking,2024,16.86,2025,17.47,0.6099999999999994
2024 vs 2025,Calisthenics,2024,0.24,2025,0.36,0.12
2024 vs 2025,Campdrafting,2024,0.02,2025,0.01,-0.01
2024 vs 2025,Canoeing/Kayaking,2024,0.96,2025,1.0,0.040000000000000036
2024 vs 2025,Circus,2024,0.04,2025,0.03,-0.010000000000000002
2024 vs 2025,Cricket,2024,2.42,2025,2.49,0.07000000000000028
2024 vs 2025,Croquet,2024,0.07,2025,0.09,0.01999999999999999
2024 vs 2025,Crossfit/Functional fitness,2024,0.57,2025,0.65,0.08000000000000007
2024 vs 2025,Curling,2024,0.01,2025,0.01,0.0
2024 vs 2025,Cycling,2024,8.59,2025,8.29,-0.3000000000000007
2024 vs 2025,DanceSport,2024,1.05,2025,1.12,0.07000000000000006
2024 vs 2025,Dancing (recreational),2024,1.78,2025,1.63,-0.15000000000000013
2024 vs 2025,Darts,2024,0.16,2025,0.16,0.0
2024 vs 2025,Diving,2024,0.05,2025,0.05,0.0
2024 vs 2025,Dodgeball,2024,0.08,2025,0.08,0.0
2024 vs 2025,Dragon boat racing,2024,0.05,2025,0.07,0.020000000000000004
2024 vs 2025,Eight ball,2024,0.04,2025,0.03,-0.010000000000000002
2024 vs 2025,Equestrian,2024,0.44,2025,0.44,0.0
2024 vs 2025,eSports,2024,0.27,2025,0.21,-0.060000000000000026
2024 vs 2025,Fencing,2024,0.08,2025,0.05,-0.03
2024 vs 2025,Fishing (recreational),2024,1.21,2025,1.07,-0.1399999999999999
2024 vs 2025,Fitness/Gym,2024,30.33,2025,34.1,3.770000000000003
2024 vs 2025,Floorball,2024,0.01,2025,0.03,0.019999999999999997
2024 vs 2025,Flying disc,2024,0.24,2025,0.25,0.010000000000000009
2024 vs 2025,Football/soccer,2024,5.44,2025,5.62,0.17999999999999972
2024 vs 2025,Gaelic football,2024,0.04,2025,0.06,0.019999999999999997
2024 vs 2025,Geocaching,2024,0.03,2025,0.03,0.0
2024 vs 2025,Goalball,2024,0.01,2025,0.01,0.0
2024 vs 2025,Golf,2024,4.69,2025,4.56,-0.13000000000000078
2024 vs 2025,Gridiron,2024,0.06,2025,0.05,-0.009999999999999995
2024 vs 2025,Guides,2024,0.01,2025,0.0,-0.01
2024 vs 2025,Gymnastics,2024,0.56,2025,0.54,-0.020000000000000018
2024 vs 2025,Handball,2024,0.15,2025,0.11,-0.039999999999999994
2024 vs 2025,Harness racing,2024,0.02,2025,0.01,-0.01
2024 vs 2025,Hockey,2024,0.45,2025,0.51,0.06
2024 vs 2025,Horse racing,2024,0.04,2025,0.02,-0.02
2024 vs 2025,Ice hockey,2024,0.06,2025,0.06,0.0
2024 vs 2025,Ice racing/speed skating,2024,0.01,2025,0.01,0.0
2024 vs 2025,Ice skating,2024,0.21,2025,0.21,0.0
2024 vs 2025,Jet skiing,2024,0.09,2025,0.07,-0.01999999999999999
2024 vs 2025,Judo,2024,0.04,2025,0.07,0.030000000000000006
2024 vs 2025,Jujitsu,2024,0.2,2025,0.17,-0.03
2024 vs 2025,Karate,2024,0.23,2025,0.19,-0.04000000000000001
2024 vs 2025,Kendo,2024,0.01,2025,0.03,0.019999999999999997
2024 vs 2025,Kitesurfing/kiteboarding,2024,0.02,2025,0.01,-0.01
2024 vs 2025,Korfball,2024,0.0,2025,0.01,0.01
2024 vs 2025,Kung fu wushu,2024,0.01,2025,0.01,0.0
2024 vs 2025,Lacrosse,2024,0.03,2025,0.03,0.0
2024 vs 2025,Lifesaving royal,2024,0.0,2025,0.01,0.01
2024 vs 2025,Lifesaving surf,2024,0.14,2025,0.13,-0.010000000000000009
2024 vs 2025,Luging,2024,0.0,2025,0.0,0.0
2024 vs 2025,Marching,2024,0.0,2025,0.01,0.01
2024 vs 2025,Martial arts,2024,0.68,2025,0.63,-0.050000000000000044
2024 vs 2025,Mixed martial arts,2024,0.08,2025,0.09,0.009999999999999995
2024 vs 2025,Modern pentathlon,2024,0.01,2025,0.0,-0.01
2024 vs 2025,Motor cycling,2024,1.09,2025,0.95,-0.14000000000000012
2024 vs 2025,Motor sport,2024,0.29,2025,0.25,-0.03999999999999998
2024 vs 2025,Mountain biking,2024,0.59,2025,0.73,0.14
2024 vs 2025,Mountain climbing,2024,0.12,2025,0.1,-0.01999999999999999
2024 vs 2025,Muay Thai,2024,0.11,2025,0.17,0.06000000000000001
2024 vs 2025,Netball,2024,2.1,2025,2.11,0.009999999999999787
2024 vs 2025,Obstacle,2024,0.03,2025,0.06,0.03
2024 vs 2025,Orienteering,2024,0.05,2025,0.07,0.020000000000000004
2024 vs 2025,Outrigger canoe,2024,0.03,2025,0.03,0.0
2024 vs 2025,Oztag,2024,0.3,2025,0.22,-0.07999999999999999
2024 vs 2025,Paddle sports,2024,0.19,2025,0.21,0.01999999999999999
2024 vs 2025,Paintball,2024,0.05,2025,0.01,-0.04
2024 vs 2025,Parkour,2024,0.03,2025,0.02,-0.009999999999999998
2024 vs 2025,Petanque,2024,0.01,2025,0.0,-0.01
2024 vs 2025,Physical Culture,2024,0.03,2025,0.06,0.03
2024 vs 2025,Pickleball/padel,2024,0.7,2025,1.31,0.6100000000000001
2024 vs 2025,Pilates,2024,5.79,2025,7.18,1.3899999999999997
2024 vs 2025,Polo,2024,0.0,2025,0.0,0.0
2024 vs 2025,Polocrosse,2024,0.0,2025,0.0,0.0
2024 vs 2025,Pony Club,2024,0.05,2025,0.05,0.0
2024 vs 2025,Powerlifting,2024,0.06,2025,0.04,-0.019999999999999997
2024 vs 2025,Ready Steady Go Kids,2024,0.0,2025,0.01,0.01
2024 vs 2025,Rock climbing/Abseiling/Caving,2024,0.44,2025,0.46,0.020000000000000018
2024 vs 2025,Rodeo,2024,0.0,2025,0.0,0.0
2024 vs 2025,Rogaining,2024,0.01,2025,0.02,0.01
2024 vs 2025,Roller Derby,2024,0.03,2025,0.01,-0.019999999999999997
2024 vs 2025,Rope skipping,2024,0.29,2025,0.25,-0.03999999999999998
2024 vs 2025,Rowing,2024,0.61,2025,0.59,-0.020000000000000018
2024 vs 2025,Rugby league,2024,0.75,2025,0.76,0.010000000000000009
2024 vs 2025,Rugby union,2024,0.33,2025,0.37,0.03999999999999998
2024 vs 2025,Running/jogging,2024,15.99,2025,16.53,0.5400000000000009
2024 vs 2025,Sailing,2024,0.34,2025,0.33,-0.010000000000000009
2024 vs 2025,Scootering,2024,0.18,2025,0.09,-0.09
2024 vs 2025,Scouts,2024,0.04,2025,0.02,-0.02
2024 vs 2025,Sepak takraw,2024,0.0,2025,0.0,0.0
2024 vs 2025,Shooting/field,2024,0.17,2025,0.2,0.03
2024 vs 2025,Shooting/range,2024,0.12,2025,0.14,0.020000000000000018
2024 vs 2025,Skate,2024,0.47,2025,0.4,-0.06999999999999995
2024 vs 2025,Skeleton,2024,0.0,2025,0.0,0.0
2024 vs 2025,Ski & snowboard,2024,0.83,2025,0.81,-0.019999999999999907
2024 vs 2025,Skirmish,2024,0.0,2025,0.0,0.0
2024 vs 2025,Softball,2024,0.13,2025,0.14,0.010000000000000009
2024 vs 2025,Sport climbing,2024,0.43,2025,0.54,0.11000000000000004
2024 vs 2025,Squash,2024,0.46,2025,0.39,-0.07
2024 vs 2025,Surfing,2024,1.38,2025,1.38,0.0
2024 vs 2025,Swimming,2024,15.19,2025,15.39,0.20000000000000107
2024 vs 2025,Sword fighting,2024,0.01,2025,0.02,0.01
2024 vs 2025,Synchronised swimming,2024,0.07,2025,0.05,-0.020000000000000004
2024 vs 2025,Table tennis,2024,1.64,2025,1.79,0.15000000000000013
2024 vs 2025,Taekwondo/Taekwon-do,2024,0.14,2025,0.11,-0.030000000000000013
2024 vs 2025,Tee ball,2024,0.03,2025,0.01,-0.019999999999999997
2024 vs 2025,Tennis,2024,5.08,2025,4.94,-0.13999999999999968
2024 vs 2025,Tenpin bowling,2024,0.63,2025,0.63,0.0
2024 vs 2025,Tobogganing,2024,0.0,2025,0.0,0.0
2024 vs 2025,Touch football,2024,0.77,2025,0.71,-0.06000000000000005
2024 vs 2025,Triathlon,2024,0.11,2025,0.14,0.030000000000000013
2024 vs 2025,Underwater sports,2024,0.81,2025,0.84,0.029999999999999916
2024 vs 2025,Virtual based physical activity,2024,1.03,2025,0.95,-0.08000000000000007
2024 vs 2025,Volleyball (indoor and outdoor),2024,1.43,2025,1.31,-0.11999999999999988
2024 vs 2025,Walking (Recreational),2024,49.93,2025,50.2,0.2700000000000031
2024 vs 2025,Water polo,2024,0.08,2025,0.09,0.009999999999999995
2024 vs 2025,Waterskiing/Wakeboarding,2024,0.2,2025,0.15,-0.05000000000000002
2024 vs 2025,Weight lifting,2024,1.45,2025,0.98,-0.47
2024 vs 2025,Wheelchair rugby,2024,0.01,2025,0.0,-0.01
2024 vs 2025,Wood chopping,2024,0.04,2025,0.03,-0.010000000000000002
2024 vs 2025,Wrestling,2024,0.04,2025,0.04,0.0
2024 vs 2025,Yoga,2024,4.98,2025,5.07,0.08999999999999986
